dataset,seed,N,query_id,subset_original_patient_indices
cleveland,11,8,cleveland_Q001,"[22, 47, 63, 112, 124, 133, 207, 230]"
cleveland,11,16,cleveland_Q001,"[21, 45, 48, 62, 97, 110, 120, 124, 131, 159, 191, 202, 224, 237, 281, 299]"
cleveland,11,32,cleveland_Q001,"[20, 30, 43, 46, 48, 59, 90, 92, 104, 113, 121, 123, 150, 158, 163, 170, 181, 186, 188, 191, 200, 202, 212, 218, 226, 236, 247, 265, 267, 280, 284, 288]"
cleveland,11,64,cleveland_Q001,"[12, 17, 22, 27, 35, 38, 39, 41, 48, 49, 52, 64, 65, 73, 77, 80, 81, 92, 95, 100, 102, 108, 113, 118, 121, 133, 135, 141, 142, 145, 146, 152, 160, 166, 167, 168, 169, 178, 180, 188, 191, 198, 200, 209, 211, 218, 220, 232, 236, 238, 250, 252, 256, 265, 272, 273, 276, 277, 282, 287, 289, 294, 297, 299]"
cleveland,11,128,cleveland_Q001,"[4, 6, 9, 10, 12, 13, 14, 17, 20, 21, 23, 26, 27, 30, 31, 37, 38, 48, 49, 51, 57, 59, 60, 61, 62, 64, 68, 74, 75, 80, 82, 83, 86, 88, 90, 91, 98, 104, 105, 106, 107, 108, 109, 110, 112, 114, 115, 116, 118, 119, 121, 123, 125, 126, 127, 129, 130, 135, 137, 138, 139, 144, 146, 147, 149, 151, 154, 156, 157, 158, 159, 160, 162, 165, 177, 178, 181, 184, 188, 190, 191, 195, 197, 201, 202, 203, 204, 208, 210, 213, 214, 216, 218, 222, 224, 226, 233, 235, 237, 239, 241, 242, 243, 245, 246, 247, 248, 251, 252, 257, 259, 260, 262, 263, 264, 270, 272, 273, 274, 283, 285, 287, 288, 290, 291, 292, 296, 298]"
cleveland,11,256,cleveland_Q001,"[0, 2, 3, 4, 5, 6, 7, 8, 10, 11, 13, 14, 16, 17, 18, 19, 20, 21, 22, 23, 25, 26, 27, 28, 29, 30, 31, 33, 34, 35, 36, 37, 38, 39, 40, 42, 43, 44, 46, 47, 48, 49, 50, 51, 52, 53, 54, 55, 56, 57, 58, 59, 60, 62, 63, 64, 65, 68, 69, 70, 71, 72, 74, 76, 77, 78, 79, 80, 81, 82, 83, 84, 85, 86, 87, 89, 90, 91, 92, 93, 94, 96, 97, 99, 100, 101, 102, 105, 107, 108, 109, 110, 111, 112, 113, 114, 115, 116, 117, 118, 119, 120, 121, 122, 123, 124, 125, 126, 127, 129, 130, 131, 132, 133, 135, 136, 137, 140, 141, 142, 143, 144, 145, 146, 147, 148, 149, 150, 151, 152, 153, 154, 155, 156, 157, 158, 159, 160, 161, 162, 163, 164, 165, 166, 167, 168, 169, 170, 171, 172, 173, 174, 176, 177, 178, 179, 180, 181, 182, 183, 184, 185, 186, 188, 189, 191, 192, 194, 195, 196, 197, 198, 199, 200, 201, 204, 205, 206, 209, 210, 211, 212, 213, 214, 215, 216, 217, 218, 219, 220, 221, 222, 223, 224, 225, 226, 227, 229, 230, 231, 232, 233, 234, 237, 238, 239, 240, 241, 242, 243, 244, 245, 247, 249, 250, 251, 253, 254, 255, 256, 257, 259, 261, 263, 265, 267, 268, 270, 271, 273, 274, 276, 277, 278, 279, 280, 281, 282, 283, 285, 286, 287, 289, 290, 291, 292, 293, 294, 295, 296, 297, 298, 299, 300, 301, 302]"
cleveland,22,8,cleveland_Q001,"[4, 102, 110, 113, 121, 211, 218, 251]"
cleveland,22,16,cleveland_Q001,"[4, 23, 70, 71, 83, 101, 108, 111, 119, 149, 169, 206, 213, 245, 257, 267]"
cleveland,22,32,cleveland_Q001,"[4, 6, 22, 25, 28, 66, 70, 79, 86, 95, 103, 108, 111, 113, 114, 117, 142, 155, 156, 161, 163, 181, 189, 196, 203, 218, 233, 244, 247, 254, 293, 302]"
cleveland,22,64,cleveland_Q001,"[3, 5, 11, 20, 22, 25, 33, 46, 48, 53, 57, 58, 68, 69, 70, 73, 77, 84, 90, 91, 97, 98, 102, 108, 114, 116, 126, 127, 130, 138, 139, 143, 145, 156, 161, 165, 168, 169, 173, 179, 184, 193, 195, 203, 207, 211, 212, 217, 220, 222, 225, 233, 241, 259, 261, 267, 275, 285, 290, 292, 295, 297, 298, 299]"
cleveland,22,128,cleveland_Q001,"[0, 1, 2, 4, 9, 10, 13, 14, 15, 16, 17, 19, 20, 21, 23, 25, 27, 31, 35, 37, 40, 43, 44, 49, 50, 51, 52, 53, 56, 57, 61, 62, 66, 69, 70, 72, 74, 76, 77, 78, 81, 87, 92, 93, 94, 98, 100, 101, 102, 103, 105, 106, 108, 109, 110, 114, 122, 123, 127, 128, 129, 130, 133, 134, 136, 137, 141, 143, 145, 148, 149, 153, 156, 161, 163, 165, 167, 168, 169, 170, 173, 174, 177, 179, 184, 186, 187, 194, 200, 203, 205, 208, 209, 214, 217, 218, 220, 222, 223, 231, 232, 233, 240, 245, 247, 250, 253, 254, 257, 261, 264, 269, 272, 274, 276, 278, 279, 284, 285, 287, 288, 291, 292, 293, 297, 298, 300, 301]"
cleveland,22,256,cleveland_Q001,"[0, 1, 3, 4, 5, 6, 7, 8, 9, 10, 11, 12, 13, 14, 15, 16, 17, 18, 19, 20, 21, 23, 24, 25, 26, 27, 28, 29, 30, 31, 32, 33, 34, 35, 36, 37, 38, 41, 42, 43, 44, 47, 50, 51, 52, 55, 56, 57, 58, 59, 60, 62, 64, 65, 66, 67, 68, 70, 71, 72, 73, 75, 76, 77, 78, 79, 81, 82, 83, 84, 85, 86, 88, 89, 90, 91, 92, 93, 94, 95, 97, 98, 99, 100, 101, 102, 104, 105, 106, 108, 111, 113, 114, 115, 116, 117, 118, 119, 120, 121, 122, 123, 124, 125, 126, 127, 128, 129, 130, 131, 133, 134, 135, 136, 137, 138, 139, 140, 141, 142, 143, 144, 145, 147, 148, 150, 151, 152, 155, 156, 157, 158, 159, 160, 162, 163, 164, 165, 166, 168, 169, 170, 171, 172, 173, 174, 175, 176, 177, 180, 181, 182, 183, 184, 185, 186, 187, 188, 190, 191, 192, 193, 194, 195, 199, 200, 201, 202, 203, 204, 205, 206, 207, 208, 211, 212, 213, 214, 215, 216, 217, 218, 219, 220, 221, 222, 223, 224, 225, 226, 227, 229, 230, 231, 232, 233, 235, 236, 237, 238, 241, 242, 243, 244, 245, 246, 247, 248, 249, 250, 251, 252, 254, 255, 256, 257, 258, 259, 260, 261, 262, 264, 265, 266, 267, 268, 269, 270, 272, 273, 274, 276, 277, 278, 279, 280, 281, 282, 283, 285, 286, 287, 288, 289, 290, 291, 292, 293, 294, 295, 297, 298, 299, 300, 301, 302]"
cleveland,33,8,cleveland_Q001,"[22, 28, 29, 33, 39, 174, 235, 237]"
cleveland,33,16,cleveland_Q001,"[3, 22, 27, 28, 32, 39, 44, 45, 55, 67, 131, 169, 189, 220, 230, 232]"
cleveland,33,32,cleveland_Q001,"[3, 21, 25, 26, 30, 39, 42, 52, 61, 63, 108, 124, 126, 143, 144, 145, 161, 165, 168, 189, 196, 199, 209, 218, 220, 237, 245, 250, 255, 260, 266, 284]"
cleveland,33,64,cleveland_Q001,"[3, 5, 6, 9, 14, 18, 20, 22, 23, 27, 29, 32, 36, 37, 39, 46, 55, 56, 61, 64, 71, 74, 96, 97, 99, 103, 109, 112, 118, 128, 129, 130, 134, 141, 143, 147, 150, 173, 177, 185, 189, 194, 195, 199, 203, 207, 212, 218, 223, 227, 232, 237, 241, 244, 247, 248, 262, 269, 273, 278, 291, 299, 301, 302]"
cleveland,33,128,cleveland_Q001,"[2, 4, 5, 6, 9, 11, 13, 15, 16, 17, 20, 22, 23, 25, 27, 33, 34, 37, 39, 41, 42, 45, 46, 48, 50, 55, 57, 58, 61, 62, 69, 70, 72, 75, 76, 80, 81, 85, 88, 90, 94, 95, 97, 98, 101, 103, 104, 106, 109, 114, 118, 128, 129, 134, 137, 142, 143, 144, 145, 154, 155, 156, 159, 160, 161, 165, 168, 170, 171, 172, 175, 179, 181, 182, 183, 185, 187, 188, 189, 190, 191, 198, 199, 201, 202, 204, 205, 208, 212, 214, 215, 216, 219, 225, 228, 232, 233, 234, 239, 243, 244, 247, 248, 250, 252, 257, 258, 260, 266, 267, 268, 269, 277, 278, 280, 282, 285, 286, 287, 288, 291, 293, 297, 298, 299, 300, 301, 302]"
cleveland,33,256,cleveland_Q001,"[0, 1, 2, 3, 4, 5, 6, 7, 8, 9, 10, 11, 12, 13, 15, 16, 18, 19, 20, 21, 22, 23, 24, 26, 27, 29, 31, 33, 34, 35, 36, 37, 38, 39, 40, 41, 42, 43, 44, 46, 47, 48, 49, 50, 51, 53, 54, 55, 57, 58, 59, 61, 62, 63, 64, 65, 66, 68, 69, 70, 71, 72, 73, 74, 75, 76, 77, 78, 79, 80, 81, 82, 83, 84, 85, 86, 87, 88, 89, 90, 91, 92, 93, 94, 95, 96, 97, 98, 100, 101, 102, 103, 104, 106, 107, 108, 109, 110, 111, 112, 113, 114, 115, 116, 117, 118, 120, 121, 122, 123, 124, 125, 126, 128, 130, 131, 132, 133, 134, 135, 136, 139, 141, 142, 143, 144, 145, 146, 147, 148, 150, 152, 153, 154, 155, 157, 158, 159, 160, 161, 162, 163, 164, 165, 166, 168, 169, 170, 171, 172, 173, 175, 177, 178, 179, 181, 183, 184, 185, 186, 187, 189, 190, 191, 192, 194, 195, 196, 197, 198, 199, 201, 202, 203, 204, 205, 206, 207, 209, 211, 213, 216, 219, 220, 221, 222, 223, 224, 225, 226, 227, 228, 229, 230, 232, 233, 234, 235, 236, 237, 238, 239, 240, 241, 242, 243, 244, 245, 246, 247, 248, 249, 250, 251, 252, 253, 254, 255, 256, 257, 258, 259, 260, 261, 262, 263, 264, 266, 268, 269, 270, 271, 272, 273, 274, 275, 276, 277, 278, 279, 280, 281, 282, 283, 284, 285, 286, 287, 290, 291, 293, 295, 296, 300, 301, 302]"
cleveland,44,8,cleveland_Q001,"[27, 102, 124, 134, 147, 169, 238, 291]"
cleveland,44,16,cleveland_Q001,"[8, 26, 73, 74, 90, 95, 100, 124, 127, 131, 144, 166, 195, 233, 284, 302]"
cleveland,44,32,cleveland_Q001,"[8, 25, 42, 56, 69, 70, 89, 90, 94, 107, 112, 119, 120, 121, 124, 136, 152, 158, 166, 183, 184, 185, 199, 221, 223, 235, 241, 249, 270, 287, 290, 296]"
cleveland,44,64,cleveland_Q001,"[3, 5, 7, 15, 22, 25, 27, 37, 46, 50, 53, 61, 62, 64, 76, 79, 83, 90, 96, 100, 106, 107, 109, 110, 112, 116, 119, 120, 121, 126, 129, 138, 141, 145, 148, 152, 163, 164, 165, 166, 173, 175, 177, 182, 195, 196, 199, 201, 210, 214, 215, 222, 238, 241, 248, 253, 255, 257, 258, 274, 279, 288, 290, 295]"
cleveland,44,128,cleveland_Q001,"[2, 4, 5, 9, 11, 13, 14, 16, 17, 19, 21, 26, 27, 35, 36, 37, 41, 43, 45, 46, 47, 49, 50, 56, 58, 59, 61, 62, 65, 71, 75, 78, 79, 80, 81, 82, 84, 85, 87, 88, 90, 91, 93, 96, 100, 101, 107, 108, 111, 112, 120, 121, 122, 123, 125, 127, 128, 133, 135, 137, 138, 139, 144, 145, 150, 152, 153, 155, 156, 157, 160, 162, 169, 173, 175, 176, 179, 186, 189, 191, 193, 194, 197, 199, 202, 203, 207, 210, 215, 217, 222, 225, 226, 227, 233, 234, 235, 236, 239, 242, 247, 251, 252, 254, 255, 257, 258, 259, 264, 267, 268, 270, 272, 273, 274, 275, 276, 277, 279, 281, 285, 286, 287, 290, 292, 297, 298, 300]"
cleveland,44,256,cleveland_Q001,"[1, 3, 4, 5, 6, 7, 8, 9, 10, 11, 12, 13, 14, 17, 18, 19, 20, 21, 22, 23, 24, 26, 27, 28, 29, 30, 31, 33, 35, 36, 37, 38, 39, 40, 41, 42, 43, 44, 45, 46, 47, 49, 50, 51, 52, 53, 54, 55, 58, 59, 60, 61, 64, 65, 66, 68, 70, 71, 72, 73, 74, 75, 77, 78, 79, 80, 81, 82, 84, 85, 86, 87, 88, 90, 92, 93, 96, 97, 98, 100, 101, 102, 103, 104, 105, 106, 107, 108, 109, 110, 111, 112, 113, 114, 115, 116, 117, 119, 120, 121, 122, 123, 125, 127, 128, 129, 131, 132, 134, 135, 136, 137, 138, 139, 140, 141, 142, 143, 144, 145, 147, 148, 149, 151, 152, 153, 154, 155, 156, 157, 158, 159, 160, 161, 162, 163, 164, 165, 166, 167, 168, 170, 171, 172, 173, 174, 175, 177, 178, 179, 180, 181, 182, 183, 184, 185, 186, 187, 188, 189, 190, 191, 192, 193, 194, 195, 198, 199, 200, 201, 202, 204, 205, 206, 207, 208, 209, 210, 211, 214, 215, 216, 217, 218, 219, 222, 223, 225, 226, 227, 228, 229, 230, 231, 232, 234, 235, 236, 237, 238, 239, 240, 241, 242, 243, 244, 245, 247, 248, 249, 250, 251, 252, 253, 254, 255, 256, 257, 258, 259, 262, 263, 264, 265, 266, 267, 268, 269, 270, 271, 272, 273, 274, 276, 277, 278, 279, 280, 281, 282, 283, 284, 285, 286, 287, 288, 289, 290, 291, 292, 293, 294, 295, 297, 298, 299]"
cleveland,55,8,cleveland_Q001,"[8, 53, 143, 193, 235, 241, 246, 276]"
cleveland,55,16,cleveland_Q001,"[0, 8, 26, 42, 51, 140, 154, 173, 174, 179, 189, 199, 230, 235, 240, 270]"
cleveland,55,32,cleveland_Q001,"[0, 8, 24, 37, 39, 48, 62, 66, 99, 119, 132, 134, 152, 164, 165, 169, 170, 174, 177, 179, 185, 189, 194, 207, 218, 223, 227, 228, 239, 250, 256, 273]"
cleveland,55,64,cleveland_Q001,"[0, 8, 22, 33, 35, 43, 45, 51, 55, 59, 65, 73, 78, 83, 88, 89, 93, 94, 95, 106, 109, 117, 120, 130, 144, 146, 149, 152, 155, 157, 158, 159, 162, 164, 165, 167, 170, 171, 173, 178, 182, 185, 189, 193, 197, 202, 203, 210, 212, 222, 226, 243, 252, 260, 272, 274, 276, 277, 281, 287, 295, 296, 297, 299]"
cleveland,55,128,cleveland_Q001,"[0, 8, 9, 15, 16, 18, 21, 25, 26, 29, 31, 34, 35, 38, 39, 40, 41, 43, 44, 45, 48, 49, 50, 52, 53, 55, 57, 61, 64, 67, 68, 71, 72, 73, 76, 78, 81, 83, 85, 86, 91, 96, 99, 104, 107, 108, 109, 110, 111, 112, 114, 116, 117, 119, 123, 124, 125, 127, 128, 131, 133, 135, 136, 137, 138, 141, 143, 144, 147, 148, 152, 153, 159, 162, 165, 166, 169, 170, 183, 185, 194, 195, 197, 198, 200, 202, 203, 204, 205, 210, 211, 212, 214, 218, 223, 224, 229, 231, 235, 237, 238, 239, 241, 244, 245, 247, 248, 250, 251, 253, 254, 261, 262, 265, 267, 269, 271, 272, 273, 276, 277, 279, 280, 282, 284, 292, 295, 301]"
cleveland,55,256,cleveland_Q001,"[0, 1, 2, 3, 4, 6, 7, 8, 9, 10, 11, 12, 13, 14, 15, 17, 19, 20, 21, 23, 24, 25, 26, 27, 28, 29, 30, 31, 32, 33, 34, 35, 36, 37, 38, 39, 40, 41, 42, 43, 44, 46, 47, 48, 49, 50, 51, 52, 53, 54, 55, 56, 57, 58, 60, 61, 62, 63, 64, 65, 66, 68, 69, 70, 72, 75, 77, 79, 80, 81, 82, 85, 87, 89, 90, 92, 93, 95, 97, 98, 99, 100, 101, 102, 103, 104, 106, 107, 108, 109, 111, 113, 114, 115, 116, 117, 119, 120, 121, 123, 125, 126, 127, 128, 129, 130, 131, 132, 133, 134, 135, 136, 137, 138, 139, 140, 141, 142, 143, 144, 145, 146, 148, 149, 150, 151, 152, 153, 154, 155, 156, 157, 158, 159, 160, 161, 162, 164, 166, 168, 169, 170, 171, 172, 174, 175, 176, 177, 178, 179, 180, 181, 182, 183, 184, 185, 187, 189, 190, 191, 192, 193, 194, 195, 196, 197, 198, 199, 200, 201, 203, 204, 205, 207, 208, 209, 210, 211, 212, 213, 214, 215, 217, 219, 220, 221, 222, 223, 224, 225, 226, 227, 228, 229, 231, 232, 233, 234, 235, 236, 237, 238, 239, 240, 241, 242, 243, 244, 245, 246, 248, 249, 250, 251, 253, 256, 257, 258, 259, 260, 262, 263, 264, 265, 266, 267, 268, 269, 270, 271, 272, 273, 274, 275, 276, 277, 278, 279, 280, 281, 282, 283, 284, 286, 287, 288, 289, 291, 292, 293, 294, 295, 296, 297, 298, 301]"
cleveland,11,8,cleveland_Q002,"[14, 25, 44, 69, 103, 121, 169, 194]"
cleveland,11,16,cleveland_Q002,"[14, 19, 24, 40, 42, 44, 68, 101, 121, 139, 165, 184, 189, 208, 239, 299]"
cleveland,11,32,cleveland_Q002,"[5, 13, 16, 18, 23, 24, 33, 38, 41, 42, 45, 54, 64, 85, 89, 92, 95, 98, 110, 125, 132, 156, 174, 179, 184, 197, 227, 228, 240, 284, 287, 289]"
cleveland,11,64,cleveland_Q002,"[5, 11, 13, 14, 16, 17, 20, 21, 29, 33, 36, 38, 40, 42, 43, 48, 52, 57, 59, 67, 75, 79, 80, 82, 84, 85, 87, 92, 100, 110, 111, 117, 124, 138, 149, 155, 159, 164, 174, 175, 177, 186, 197, 201, 210, 214, 227, 231, 251, 253, 254, 256, 257, 261, 266, 268, 271, 275, 278, 282, 290, 292, 298, 300]"
cleveland,11,128,cleveland_Q002,"[3, 8, 9, 10, 11, 12, 13, 15, 16, 22, 25, 26, 30, 33, 35, 37, 40, 41, 42, 44, 45, 46, 47, 50, 52, 53, 57, 61, 62, 64, 65, 66, 69, 70, 71, 73, 78, 79, 82, 84, 86, 87, 88, 89, 90, 96, 101, 106, 110, 116, 117, 118, 123, 124, 130, 135, 136, 138, 142, 147, 148, 150, 152, 156, 157, 158, 159, 163, 165, 168, 173, 177, 179, 182, 183, 187, 189, 192, 193, 194, 196, 197, 199, 200, 201, 204, 205, 207, 208, 209, 211, 212, 218, 221, 222, 224, 225, 226, 227, 228, 230, 231, 235, 240, 243, 245, 247, 254, 255, 256, 258, 264, 266, 267, 268, 273, 274, 275, 276, 281, 283, 285, 287, 289, 291, 292, 295, 300]"
cleveland,11,256,cleveland_Q002,"[0, 1, 2, 3, 4, 5, 7, 8, 11, 13, 14, 16, 18, 19, 20, 21, 22, 23, 24, 25, 26, 27, 28, 29, 30, 31, 32, 34, 35, 36, 38, 39, 40, 41, 42, 44, 46, 47, 48, 49, 50, 52, 53, 54, 56, 57, 59, 60, 61, 62, 63, 65, 67, 68, 69, 70, 72, 73, 74, 75, 76, 77, 78, 79, 80, 81, 82, 83, 84, 85, 86, 87, 88, 89, 90, 91, 92, 93, 94, 95, 96, 99, 100, 101, 102, 103, 104, 105, 106, 107, 108, 109, 110, 111, 112, 113, 114, 115, 116, 117, 119, 120, 121, 122, 123, 124, 126, 127, 128, 129, 130, 131, 133, 134, 135, 136, 137, 138, 140, 141, 142, 144, 145, 146, 147, 148, 149, 150, 151, 152, 154, 155, 156, 157, 158, 159, 160, 161, 162, 163, 164, 165, 166, 168, 169, 170, 171, 172, 173, 175, 176, 177, 181, 182, 183, 184, 185, 186, 187, 188, 189, 190, 191, 192, 193, 195, 196, 197, 198, 199, 200, 201, 202, 203, 204, 205, 206, 207, 208, 209, 210, 211, 212, 213, 214, 215, 216, 217, 218, 219, 220, 221, 223, 224, 225, 226, 227, 228, 229, 230, 231, 232, 233, 234, 235, 236, 237, 238, 239, 241, 242, 244, 246, 248, 251, 252, 253, 254, 256, 257, 258, 259, 260, 262, 264, 266, 268, 269, 270, 271, 274, 275, 276, 277, 278, 279, 280, 281, 282, 283, 285, 287, 288, 290, 291, 292, 293, 294, 295, 296, 297, 298, 299, 300, 301, 302]"
cleveland,22,8,cleveland_Q002,"[29, 51, 82, 83, 89, 92, 105, 143]"
cleveland,22,16,cleveland_Q002,"[28, 36, 42, 51, 57, 66, 77, 81, 83, 87, 91, 104, 140, 173, 182, 250]"
cleveland,22,32,cleveland_Q002,"[21, 26, 34, 42, 48, 54, 59, 63, 70, 73, 75, 78, 82, 86, 98, 110, 133, 142, 161, 165, 173, 192, 195, 197, 201, 232, 238, 244, 278, 279, 287, 298]"
cleveland,22,64,cleveland_Q002,"[0, 1, 4, 6, 11, 19, 23, 30, 31, 42, 43, 46, 48, 52, 53, 56, 63, 65, 68, 72, 73, 75, 76, 84, 85, 87, 96, 110, 118, 125, 127, 128, 138, 144, 146, 147, 154, 157, 162, 169, 171, 172, 174, 175, 180, 207, 211, 218, 220, 221, 229, 237, 240, 242, 245, 248, 256, 264, 274, 276, 277, 285, 292, 301]"
cleveland,22,128,cleveland_Q002,"[0, 1, 3, 5, 8, 11, 14, 17, 18, 21, 22, 23, 24, 28, 29, 30, 31, 35, 36, 39, 41, 42, 48, 50, 51, 53, 55, 63, 64, 65, 72, 73, 74, 75, 83, 84, 87, 89, 92, 94, 95, 97, 99, 104, 105, 108, 109, 110, 114, 115, 116, 121, 122, 123, 124, 125, 129, 131, 133, 135, 138, 142, 143, 150, 155, 156, 157, 159, 161, 166, 169, 174, 179, 183, 186, 187, 188, 189, 192, 194, 195, 200, 201, 202, 204, 205, 210, 212, 216, 217, 219, 221, 224, 225, 230, 231, 232, 233, 234, 235, 239, 240, 241, 242, 244, 245, 246, 249, 262, 263, 265, 266, 267, 268, 270, 271, 273, 279, 280, 285, 286, 287, 291, 294, 297, 298, 299, 301]"
cleveland,22,256,cleveland_Q002,"[0, 1, 2, 3, 4, 5, 6, 7, 8, 10, 11, 12, 13, 14, 15, 16, 17, 18, 19, 20, 23, 24, 25, 26, 27, 30, 32, 33, 35, 36, 37, 38, 40, 41, 42, 43, 44, 45, 46, 47, 48, 49, 50, 51, 52, 53, 55, 56, 57, 58, 59, 60, 61, 62, 63, 64, 65, 66, 67, 69, 70, 71, 73, 75, 76, 77, 78, 79, 80, 81, 82, 83, 84, 85, 86, 87, 88, 89, 90, 91, 92, 93, 95, 96, 97, 99, 100, 101, 102, 103, 104, 105, 107, 108, 110, 112, 113, 114, 116, 117, 118, 119, 120, 121, 122, 123, 124, 125, 126, 127, 129, 130, 131, 132, 133, 135, 136, 137, 138, 139, 140, 143, 144, 145, 147, 149, 151, 152, 153, 154, 155, 156, 157, 158, 159, 160, 161, 162, 163, 164, 165, 166, 167, 168, 169, 170, 171, 172, 173, 174, 175, 176, 177, 178, 179, 180, 181, 182, 183, 184, 185, 186, 187, 188, 189, 190, 191, 193, 194, 195, 197, 198, 199, 200, 202, 203, 205, 206, 208, 209, 210, 211, 212, 213, 214, 215, 216, 217, 218, 220, 221, 222, 223, 224, 225, 226, 227, 228, 229, 230, 231, 234, 236, 237, 238, 239, 240, 242, 243, 244, 245, 246, 247, 249, 250, 251, 254, 255, 256, 257, 258, 259, 261, 262, 264, 266, 267, 269, 271, 272, 273, 274, 275, 277, 278, 279, 280, 281, 282, 283, 285, 286, 287, 288, 289, 290, 291, 293, 294, 295, 296, 297, 298, 300, 301, 302]"
cleveland,33,8,cleveland_Q002,"[39, 89, 122, 125, 167, 249, 273, 299]"
cleveland,33,16,cleveland_Q002,"[12, 24, 39, 87, 119, 121, 163, 186, 209, 238, 239, 243, 267, 290, 292, 299]"
cleveland,33,32,cleveland_Q002,"[11, 20, 23, 39, 52, 74, 82, 97, 111, 112, 115, 124, 150, 154, 167, 170, 177, 199, 201, 221, 224, 226, 227, 231, 239, 253, 256, 275, 278, 284, 287, 299]"
cleveland,33,64,cleveland_Q002,"[10, 17, 18, 20, 23, 30, 39, 40, 46, 54, 61, 62, 66, 67, 71, 73, 87, 91, 97, 99, 101, 110, 112, 123, 133, 134, 136, 139, 140, 145, 149, 156, 157, 158, 164, 170, 176, 177, 188, 191, 196, 199, 200, 201, 202, 205, 213, 224, 228, 234, 244, 246, 249, 252, 254, 257, 262, 264, 273, 277, 295, 297, 298, 299]"
cleveland,33,128,cleveland_Q002,"[2, 3, 7, 13, 15, 16, 17, 19, 21, 24, 30, 31, 33, 34, 36, 38, 39, 40, 42, 43, 48, 49, 50, 51, 53, 54, 55, 58, 65, 70, 73, 75, 76, 84, 86, 87, 92, 93, 94, 96, 98, 101, 102, 104, 105, 107, 108, 110, 112, 116, 117, 119, 121, 122, 126, 128, 131, 136, 139, 143, 144, 146, 148, 149, 150, 151, 152, 156, 157, 159, 160, 163, 165, 169, 170, 172, 175, 178, 179, 181, 182, 184, 185, 187, 190, 191, 194, 195, 199, 200, 201, 202, 205, 207, 215, 217, 222, 223, 226, 228, 229, 231, 232, 238, 241, 242, 244, 248, 252, 254, 257, 259, 261, 263, 266, 267, 270, 272, 273, 281, 283, 288, 289, 293, 297, 298, 299, 301]"
cleveland,33,256,cleveland_Q002,"[0, 1, 2, 4, 5, 6, 8, 9, 11, 12, 13, 14, 15, 17, 18, 19, 20, 21, 22, 23, 24, 25, 26, 27, 28, 29, 30, 31, 32, 33, 34, 35, 36, 37, 39, 41, 42, 43, 44, 45, 46, 47, 48, 49, 50, 51, 52, 53, 54, 55, 56, 58, 59, 60, 62, 63, 64, 65, 66, 67, 68, 70, 71, 73, 75, 77, 78, 79, 80, 81, 82, 83, 84, 85, 86, 87, 88, 90, 91, 92, 93, 94, 95, 97, 98, 100, 102, 103, 104, 105, 106, 107, 108, 109, 112, 113, 114, 115, 116, 117, 118, 119, 120, 121, 123, 124, 125, 126, 127, 128, 129, 130, 131, 132, 133, 134, 136, 139, 140, 141, 142, 144, 145, 146, 147, 148, 151, 152, 153, 155, 156, 157, 158, 160, 161, 162, 163, 164, 165, 166, 167, 168, 169, 170, 171, 172, 173, 174, 175, 176, 178, 179, 180, 181, 182, 183, 184, 185, 186, 187, 188, 189, 190, 191, 192, 193, 194, 195, 196, 198, 199, 200, 201, 202, 203, 204, 205, 206, 207, 208, 209, 210, 211, 212, 213, 214, 215, 216, 217, 218, 219, 220, 221, 222, 225, 227, 229, 230, 231, 233, 234, 235, 237, 238, 241, 242, 243, 244, 245, 246, 247, 248, 249, 250, 252, 253, 254, 255, 256, 257, 258, 259, 261, 262, 263, 264, 266, 267, 270, 271, 272, 273, 275, 276, 277, 278, 279, 280, 281, 282, 283, 284, 286, 287, 289, 290, 292, 294, 295, 296, 297, 298, 299, 300, 301, 302]"
cleveland,44,8,cleveland_Q002,"[52, 55, 81, 121, 123, 208, 270, 294]"
cleveland,44,16,cleveland_Q002,"[19, 45, 51, 53, 75, 80, 108, 120, 121, 132, 203, 264, 277, 280, 287, 295]"
cleveland,44,32,cleveland_Q002,"[18, 42, 48, 50, 51, 60, 75, 76, 84, 92, 100, 102, 110, 114, 118, 125, 152, 153, 166, 170, 174, 193, 235, 240, 242, 251, 263, 265, 266, 271, 272, 280]"
cleveland,44,64,cleveland_Q002,"[6, 15, 16, 18, 38, 39, 42, 44, 46, 53, 56, 62, 63, 66, 70, 74, 75, 82, 88, 89, 90, 95, 100, 104, 105, 109, 110, 111, 118, 119, 136, 140, 147, 148, 154, 163, 170, 171, 190, 205, 206, 210, 211, 215, 216, 222, 234, 236, 237, 241, 246, 249, 261, 266, 269, 272, 288, 289, 290, 291, 293, 298, 300, 301]"
cleveland,44,128,cleveland_Q002,"[0, 1, 2, 3, 4, 9, 11, 12, 13, 14, 28, 31, 32, 33, 34, 37, 40, 41, 43, 45, 48, 49, 51, 54, 56, 58, 61, 63, 64, 66, 67, 71, 73, 75, 76, 78, 81, 82, 83, 84, 89, 91, 92, 93, 102, 103, 107, 108, 110, 111, 112, 114, 115, 116, 118, 119, 120, 125, 126, 127, 129, 132, 138, 139, 141, 144, 148, 157, 158, 161, 163, 164, 165, 166, 168, 170, 174, 175, 176, 179, 180, 182, 186, 191, 195, 197, 199, 204, 206, 209, 211, 213, 214, 215, 218, 226, 227, 230, 233, 234, 235, 237, 238, 243, 244, 245, 246, 247, 249, 250, 252, 253, 254, 255, 257, 258, 263, 265, 269, 275, 280, 282, 284, 285, 291, 292, 298, 302]"
cleveland,44,256,cleveland_Q002,"[0, 1, 2, 3, 4, 5, 6, 7, 8, 9, 10, 12, 13, 14, 15, 16, 17, 18, 19, 20, 21, 22, 23, 25, 26, 27, 28, 29, 30, 31, 32, 33, 34, 35, 36, 37, 39, 40, 41, 43, 44, 45, 46, 47, 48, 49, 50, 51, 52, 53, 54, 55, 56, 57, 58, 59, 60, 61, 62, 63, 64, 65, 66, 67, 69, 70, 71, 72, 73, 74, 75, 76, 77, 78, 79, 81, 82, 84, 85, 87, 88, 89, 90, 92, 93, 94, 95, 96, 97, 98, 100, 101, 102, 104, 105, 106, 107, 108, 109, 110, 111, 113, 114, 116, 117, 118, 124, 125, 127, 128, 129, 130, 131, 132, 133, 134, 136, 137, 138, 139, 140, 141, 142, 144, 145, 146, 147, 148, 149, 150, 151, 152, 153, 154, 155, 157, 158, 159, 160, 161, 162, 163, 164, 165, 166, 167, 168, 169, 170, 171, 173, 174, 175, 176, 177, 179, 180, 182, 183, 184, 185, 186, 187, 188, 191, 192, 194, 196, 197, 198, 199, 201, 202, 203, 204, 205, 206, 207, 208, 209, 213, 214, 215, 216, 217, 218, 219, 220, 221, 223, 224, 225, 226, 227, 228, 229, 230, 232, 233, 234, 235, 236, 237, 238, 239, 240, 241, 242, 243, 244, 245, 246, 247, 248, 249, 250, 251, 252, 253, 254, 256, 257, 258, 259, 263, 264, 265, 266, 267, 269, 272, 274, 275, 276, 277, 278, 279, 280, 281, 282, 283, 284, 286, 287, 288, 289, 291, 292, 293, 296, 297, 298, 299, 300, 301, 302]"
cleveland,55,8,cleveland_Q002,"[1, 42, 63, 108, 144, 206, 220, 222]"
cleveland,55,16,cleveland_Q002,"[1, 17, 37, 41, 52, 61, 72, 105, 132, 141, 149, 163, 170, 201, 215, 217]"
cleveland,55,32,cleveland_Q002,"[1, 11, 12, 16, 19, 35, 39, 49, 53, 58, 64, 68, 85, 100, 102, 120, 125, 133, 141, 155, 170, 190, 194, 201, 204, 206, 207, 222, 224, 254, 291, 294]"
cleveland,55,64,cleveland_Q002,"[1, 4, 10, 11, 14, 17, 31, 34, 44, 47, 51, 57, 60, 62, 69, 73, 76, 81, 88, 92, 107, 110, 116, 117, 120, 121, 125, 126, 127, 137, 150, 152, 156, 167, 170, 172, 180, 181, 184, 186, 190, 191, 195, 196, 197, 198, 201, 209, 219, 220, 224, 226, 239, 251, 253, 260, 261, 262, 266, 276, 277, 278, 297, 301]"
cleveland,55,128,cleveland_Q002,"[1, 3, 5, 8, 11, 12, 14, 15, 23, 24, 25, 28, 31, 33, 34, 35, 36, 38, 42, 43, 45, 48, 54, 56, 57, 60, 62, 65, 69, 70, 73, 76, 77, 81, 82, 86, 91, 93, 95, 97, 99, 100, 102, 103, 112, 114, 115, 116, 118, 120, 123, 125, 128, 132, 133, 138, 143, 145, 147, 148, 149, 151, 153, 156, 158, 162, 163, 166, 168, 169, 170, 172, 173, 178, 179, 183, 184, 186, 187, 188, 189, 192, 193, 194, 195, 196, 197, 198, 199, 201, 202, 204, 206, 210, 212, 213, 214, 215, 219, 228, 231, 235, 237, 246, 247, 248, 249, 252, 255, 256, 258, 261, 264, 265, 266, 270, 273, 274, 278, 279, 281, 283, 286, 290, 291, 295, 296, 297]"
cleveland,55,256,cleveland_Q002,"[1, 2, 3, 4, 5, 7, 8, 9, 11, 12, 13, 14, 15, 16, 17, 19, 20, 21, 22, 23, 24, 25, 26, 27, 28, 29, 32, 33, 34, 35, 36, 37, 38, 39, 41, 42, 43, 44, 45, 46, 49, 50, 51, 52, 53, 55, 56, 57, 59, 60, 61, 63, 64, 65, 66, 69, 70, 72, 73, 74, 75, 76, 77, 78, 79, 81, 82, 84, 85, 86, 87, 89, 90, 91, 92, 93, 94, 95, 96, 97, 98, 99, 100, 101, 102, 103, 104, 105, 106, 107, 109, 110, 111, 112, 113, 114, 115, 116, 117, 118, 119, 120, 121, 122, 123, 124, 126, 127, 128, 129, 130, 131, 136, 137, 138, 139, 140, 141, 142, 143, 144, 145, 146, 147, 148, 149, 150, 151, 152, 153, 154, 155, 156, 157, 158, 159, 160, 161, 162, 163, 164, 165, 166, 167, 168, 169, 170, 171, 172, 173, 174, 176, 178, 179, 180, 181, 182, 183, 186, 187, 188, 189, 190, 191, 192, 193, 194, 195, 196, 197, 198, 199, 200, 201, 202, 203, 204, 206, 207, 208, 209, 210, 211, 212, 213, 214, 215, 216, 217, 218, 220, 221, 222, 223, 224, 225, 226, 227, 228, 229, 230, 232, 233, 235, 237, 239, 240, 241, 242, 243, 244, 245, 246, 247, 248, 250, 252, 257, 258, 259, 260, 261, 262, 263, 264, 265, 266, 267, 268, 269, 270, 271, 273, 274, 276, 277, 278, 280, 281, 282, 284, 285, 286, 287, 288, 290, 291, 292, 294, 296, 297, 298, 299, 300, 301, 302]"
cleveland,11,8,cleveland_Q003,"[14, 25, 44, 69, 103, 168, 193, 236]"
cleveland,11,16,cleveland_Q003,"[14, 19, 24, 40, 43, 67, 100, 137, 146, 164, 183, 188, 207, 236, 239, 299]"
cleveland,11,32,cleveland_Q003,"[5, 13, 16, 18, 23, 24, 33, 38, 41, 44, 53, 63, 84, 88, 91, 94, 97, 123, 130, 146, 155, 173, 178, 183, 193, 197, 227, 239, 283, 286, 288, 296]"
cleveland,11,64,cleveland_Q003,"[5, 11, 13, 14, 16, 17, 20, 21, 29, 33, 36, 38, 40, 42, 47, 51, 56, 58, 66, 74, 78, 79, 81, 83, 84, 86, 91, 99, 109, 115, 122, 136, 146, 148, 154, 158, 163, 173, 174, 176, 185, 193, 197, 201, 210, 214, 230, 250, 252, 253, 255, 256, 260, 265, 267, 270, 274, 277, 281, 289, 291, 296, 298, 300]"
cleveland,11,128,cleveland_Q003,"[3, 8, 9, 10, 11, 12, 13, 15, 16, 22, 25, 26, 30, 33, 35, 37, 40, 41, 43, 44, 45, 46, 49, 51, 52, 56, 60, 61, 63, 64, 65, 68, 69, 70, 72, 77, 78, 81, 83, 85, 86, 87, 88, 89, 95, 100, 105, 114, 115, 116, 121, 122, 128, 133, 134, 136, 140, 145, 146, 147, 149, 151, 155, 156, 157, 158, 162, 164, 167, 172, 176, 178, 181, 182, 186, 188, 191, 192, 193, 194, 196, 197, 199, 200, 201, 204, 205, 207, 208, 209, 211, 212, 218, 221, 222, 224, 225, 226, 227, 229, 230, 234, 239, 242, 244, 246, 253, 254, 255, 257, 263, 265, 266, 267, 272, 273, 274, 275, 280, 282, 284, 286, 288, 290, 291, 294, 296, 300]"
cleveland,11,256,cleveland_Q003,"[0, 1, 2, 3, 4, 5, 7, 8, 11, 13, 14, 16, 18, 19, 20, 21, 22, 23, 24, 25, 26, 27, 28, 29, 30, 31, 32, 34, 35, 36, 38, 39, 40, 41, 43, 45, 46, 47, 48, 49, 51, 52, 53, 55, 56, 58, 59, 60, 61, 62, 64, 66, 67, 68, 69, 71, 72, 73, 74, 75, 76, 77, 78, 79, 80, 81, 82, 83, 84, 85, 86, 87, 88, 89, 90, 91, 92, 93, 94, 95, 98, 99, 100, 101, 102, 103, 104, 105, 106, 107, 108, 109, 110, 111, 112, 113, 114, 115, 117, 118, 119, 120, 121, 122, 124, 125, 126, 127, 128, 129, 131, 132, 133, 134, 135, 136, 138, 139, 140, 142, 143, 144, 145, 146, 147, 148, 149, 150, 151, 153, 154, 155, 156, 157, 158, 159, 160, 161, 162, 163, 164, 165, 167, 168, 169, 170, 171, 172, 174, 175, 176, 180, 181, 182, 183, 184, 185, 186, 187, 188, 189, 190, 191, 192, 193, 195, 196, 197, 198, 199, 200, 201, 202, 203, 204, 205, 206, 207, 208, 209, 210, 211, 212, 213, 214, 215, 216, 217, 218, 219, 220, 221, 223, 224, 225, 226, 227, 228, 229, 230, 231, 232, 233, 234, 235, 236, 237, 238, 240, 241, 243, 245, 247, 250, 251, 252, 253, 255, 256, 257, 258, 259, 261, 263, 265, 267, 268, 269, 270, 273, 274, 275, 276, 277, 278, 279, 280, 281, 282, 284, 286, 287, 289, 290, 291, 292, 293, 294, 295, 296, 297, 298, 299, 300, 301, 302]"
cleveland,22,8,cleveland_Q003,"[29, 51, 82, 88, 91, 104, 142, 193]"
cleveland,22,16,cleveland_Q003,"[28, 36, 50, 56, 65, 76, 80, 85, 89, 102, 138, 146, 172, 181, 193, 250]"
cleveland,22,32,cleveland_Q003,"[21, 26, 34, 47, 53, 58, 62, 69, 72, 76, 80, 84, 96, 130, 139, 146, 159, 163, 171, 190, 193, 194, 196, 200, 231, 236, 238, 244, 278, 279, 287, 298]"
cleveland,22,64,cleveland_Q003,"[0, 1, 4, 6, 11, 19, 23, 30, 31, 42, 45, 47, 51, 52, 55, 62, 64, 67, 71, 72, 74, 82, 83, 85, 94, 115, 122, 124, 125, 135, 141, 143, 144, 146, 152, 155, 160, 167, 169, 170, 172, 173, 178, 193, 206, 210, 217, 219, 220, 228, 236, 237, 240, 242, 245, 248, 256, 264, 274, 276, 277, 285, 292, 301]"
cleveland,22,128,cleveland_Q003,"[0, 1, 3, 5, 8, 11, 14, 17, 18, 21, 22, 23, 24, 28, 29, 30, 31, 35, 36, 39, 41, 47, 49, 50, 52, 54, 62, 63, 64, 71, 72, 73, 81, 82, 85, 87, 90, 92, 93, 95, 97, 102, 103, 106, 107, 111, 112, 113, 118, 119, 120, 121, 122, 126, 128, 130, 132, 135, 139, 140, 146, 148, 153, 154, 155, 157, 159, 164, 167, 172, 177, 181, 184, 185, 186, 187, 190, 192, 193, 194, 199, 200, 201, 203, 204, 209, 211, 215, 216, 218, 220, 223, 224, 229, 230, 231, 232, 233, 234, 236, 239, 240, 241, 242, 244, 245, 246, 249, 262, 263, 265, 266, 267, 268, 270, 271, 273, 279, 280, 285, 286, 287, 291, 294, 297, 298, 299, 301]"
cleveland,22,256,cleveland_Q003,"[0, 1, 2, 3, 4, 5, 6, 7, 8, 10, 11, 12, 13, 14, 15, 16, 17, 18, 19, 20, 23, 24, 25, 26, 27, 30, 32, 33, 35, 36, 37, 38, 40, 41, 42, 43, 44, 45, 46, 47, 48, 49, 50, 51, 52, 54, 55, 56, 57, 58, 59, 60, 61, 62, 63, 64, 65, 66, 68, 69, 70, 72, 74, 75, 76, 77, 78, 79, 80, 81, 82, 83, 84, 85, 86, 87, 88, 89, 90, 91, 93, 94, 95, 97, 98, 99, 100, 101, 102, 103, 105, 106, 109, 110, 111, 113, 114, 115, 116, 117, 118, 119, 120, 121, 122, 123, 124, 126, 127, 128, 129, 130, 132, 133, 134, 135, 136, 137, 140, 141, 142, 144, 146, 147, 149, 150, 151, 152, 153, 154, 155, 156, 157, 158, 159, 160, 161, 162, 163, 164, 165, 166, 167, 168, 169, 170, 171, 172, 173, 174, 175, 176, 177, 178, 179, 180, 181, 182, 183, 184, 185, 186, 187, 188, 189, 191, 192, 193, 194, 196, 197, 198, 199, 201, 202, 204, 205, 207, 208, 209, 210, 211, 212, 213, 214, 215, 216, 217, 219, 220, 221, 222, 223, 224, 225, 226, 227, 228, 229, 230, 233, 235, 236, 237, 238, 239, 240, 242, 243, 244, 245, 246, 247, 249, 250, 251, 254, 255, 256, 257, 258, 259, 261, 262, 264, 266, 267, 269, 271, 272, 273, 274, 275, 277, 278, 279, 280, 281, 282, 283, 285, 286, 287, 288, 289, 290, 291, 293, 294, 295, 296, 297, 298, 300, 301, 302]"
cleveland,33,8,cleveland_Q003,"[88, 121, 124, 146, 167, 249, 273, 299]"
cleveland,33,16,cleveland_Q003,"[12, 24, 86, 118, 120, 146, 163, 186, 237, 238, 242, 244, 267, 290, 292, 299]"
cleveland,33,32,cleveland_Q003,"[11, 20, 23, 51, 73, 81, 96, 110, 111, 114, 123, 146, 150, 154, 167, 176, 198, 219, 222, 224, 225, 229, 236, 238, 252, 255, 274, 277, 283, 286, 296, 299]"
cleveland,33,64,cleveland_Q003,"[10, 17, 18, 20, 23, 30, 39, 45, 53, 60, 61, 65, 66, 70, 72, 86, 90, 96, 98, 100, 109, 111, 122, 132, 133, 135, 138, 139, 144, 146, 149, 156, 157, 158, 164, 175, 176, 187, 190, 195, 198, 199, 200, 203, 211, 222, 226, 232, 236, 243, 245, 248, 251, 253, 256, 261, 263, 272, 276, 294, 296, 297, 298, 299]"
cleveland,33,128,cleveland_Q003,"[2, 3, 7, 13, 15, 16, 17, 19, 21, 24, 30, 31, 33, 34, 36, 38, 39, 41, 42, 47, 48, 49, 50, 52, 53, 54, 57, 64, 69, 72, 74, 75, 83, 85, 86, 91, 92, 93, 95, 97, 100, 101, 103, 104, 106, 107, 109, 111, 115, 116, 118, 120, 121, 125, 127, 130, 135, 138, 142, 143, 145, 146, 148, 149, 150, 151, 152, 156, 157, 159, 160, 163, 165, 169, 171, 174, 177, 178, 180, 181, 183, 184, 186, 189, 190, 193, 194, 198, 199, 200, 203, 205, 213, 215, 220, 221, 224, 226, 227, 229, 230, 236, 237, 240, 241, 243, 247, 251, 253, 256, 258, 260, 262, 265, 266, 269, 271, 272, 280, 282, 287, 288, 292, 296, 297, 298, 299, 301]"
cleveland,33,256,cleveland_Q003,"[0, 1, 2, 4, 5, 6, 8, 9, 11, 12, 13, 14, 15, 17, 18, 19, 20, 21, 22, 23, 24, 25, 26, 27, 28, 29, 30, 31, 32, 33, 34, 35, 36, 37, 40, 41, 42, 43, 44, 45, 46, 47, 48, 49, 50, 51, 52, 53, 54, 55, 57, 58, 59, 61, 62, 63, 64, 65, 66, 67, 69, 70, 72, 74, 76, 77, 78, 79, 80, 81, 82, 83, 84, 85, 86, 87, 89, 90, 91, 92, 93, 94, 96, 97, 99, 101, 102, 103, 104, 105, 106, 107, 108, 111, 112, 113, 114, 115, 116, 117, 118, 119, 120, 122, 123, 124, 125, 126, 127, 128, 129, 130, 131, 132, 133, 135, 138, 139, 140, 141, 143, 144, 145, 146, 147, 148, 151, 152, 153, 155, 156, 157, 158, 160, 161, 162, 163, 164, 165, 166, 167, 168, 169, 170, 171, 172, 173, 174, 175, 177, 178, 179, 180, 181, 182, 183, 184, 185, 186, 187, 188, 189, 190, 191, 192, 193, 194, 195, 197, 198, 199, 200, 201, 202, 203, 204, 205, 206, 207, 208, 209, 210, 211, 212, 213, 214, 215, 216, 217, 218, 219, 220, 223, 225, 227, 228, 229, 231, 232, 233, 235, 236, 237, 240, 241, 242, 243, 244, 245, 246, 247, 248, 249, 251, 252, 253, 254, 255, 256, 257, 258, 260, 261, 262, 263, 265, 266, 269, 270, 271, 272, 274, 275, 276, 277, 278, 279, 280, 281, 282, 283, 285, 286, 288, 289, 291, 293, 294, 295, 296, 297, 298, 299, 300, 301, 302]"
cleveland,44,8,cleveland_Q003,"[52, 55, 81, 122, 207, 236, 270, 294]"
cleveland,44,16,cleveland_Q003,"[19, 45, 51, 53, 79, 107, 119, 130, 193, 202, 236, 264, 277, 280, 287, 295]"
cleveland,44,32,cleveland_Q003,"[18, 42, 48, 50, 51, 60, 75, 83, 91, 99, 101, 112, 116, 123, 150, 151, 164, 171, 190, 193, 233, 236, 239, 241, 244, 251, 263, 265, 266, 271, 272, 280]"
cleveland,44,64,cleveland_Q003,"[6, 15, 16, 18, 38, 39, 42, 44, 46, 53, 56, 62, 63, 66, 70, 74, 81, 87, 88, 89, 94, 99, 103, 104, 108, 109, 116, 117, 134, 138, 145, 146, 152, 161, 168, 187, 193, 203, 204, 208, 209, 213, 214, 220, 232, 234, 235, 236, 240, 244, 246, 249, 261, 266, 269, 272, 288, 289, 290, 291, 293, 298, 300, 301]"
cleveland,44,128,cleveland_Q003,"[0, 1, 2, 3, 4, 9, 11, 12, 13, 14, 28, 31, 32, 33, 34, 37, 40, 41, 43, 45, 48, 49, 51, 54, 56, 58, 61, 63, 64, 66, 67, 71, 73, 75, 77, 80, 81, 82, 83, 88, 90, 91, 92, 101, 102, 106, 107, 109, 110, 112, 113, 114, 116, 117, 118, 123, 124, 125, 127, 130, 136, 137, 139, 142, 146, 155, 156, 159, 161, 162, 163, 164, 166, 171, 172, 173, 176, 177, 179, 183, 188, 192, 193, 195, 197, 202, 204, 207, 209, 211, 212, 213, 216, 224, 225, 228, 231, 232, 233, 235, 236, 237, 242, 243, 244, 245, 246, 247, 249, 250, 252, 253, 254, 255, 257, 258, 263, 265, 269, 275, 280, 282, 284, 285, 291, 292, 298, 302]"
cleveland,44,256,cleveland_Q003,"[0, 1, 2, 3, 4, 5, 6, 7, 8, 9, 10, 12, 13, 14, 15, 16, 17, 18, 19, 20, 21, 22, 23, 25, 26, 27, 28, 29, 30, 31, 32, 33, 34, 35, 36, 37, 39, 40, 41, 43, 44, 45, 46, 47, 48, 49, 50, 51, 52, 53, 54, 55, 56, 57, 58, 59, 60, 61, 62, 63, 64, 65, 66, 67, 69, 70, 71, 72, 73, 74, 75, 76, 77, 78, 80, 81, 83, 84, 86, 87, 88, 89, 91, 92, 93, 94, 95, 96, 97, 99, 100, 101, 103, 104, 105, 106, 107, 108, 109, 111, 112, 114, 115, 116, 122, 123, 125, 126, 127, 128, 129, 130, 131, 132, 134, 135, 136, 137, 138, 139, 140, 142, 143, 144, 145, 146, 147, 148, 149, 150, 151, 152, 153, 155, 156, 157, 158, 159, 160, 161, 162, 163, 164, 165, 166, 167, 168, 170, 171, 172, 173, 174, 176, 177, 179, 180, 181, 182, 183, 184, 185, 188, 189, 191, 193, 194, 195, 196, 197, 199, 200, 201, 202, 203, 204, 205, 206, 207, 211, 212, 213, 214, 215, 216, 217, 218, 219, 221, 222, 223, 224, 225, 226, 227, 228, 230, 231, 232, 233, 234, 235, 236, 237, 238, 239, 240, 241, 242, 243, 244, 245, 246, 247, 248, 249, 250, 251, 252, 253, 254, 256, 257, 258, 259, 263, 264, 265, 266, 267, 269, 272, 274, 275, 276, 277, 278, 279, 280, 281, 282, 283, 284, 286, 287, 288, 289, 291, 292, 293, 296, 297, 298, 299, 300, 301, 302]"
cleveland,55,8,cleveland_Q003,"[41, 62, 107, 143, 146, 206, 220, 222]"
cleveland,55,16,cleveland_Q003,"[16, 36, 40, 51, 60, 71, 104, 131, 140, 146, 149, 163, 200, 214, 216, 236]"
cleveland,55,32,cleveland_Q003,"[10, 11, 15, 18, 34, 38, 48, 52, 57, 63, 67, 84, 99, 101, 119, 124, 132, 140, 146, 155, 189, 193, 202, 204, 205, 220, 222, 236, 244, 254, 291, 294]"
cleveland,55,64,cleveland_Q003,"[3, 9, 10, 13, 16, 30, 33, 43, 46, 50, 56, 59, 61, 68, 72, 75, 80, 87, 91, 106, 109, 115, 116, 119, 120, 124, 125, 126, 136, 146, 150, 152, 156, 167, 171, 179, 180, 183, 185, 189, 190, 194, 195, 196, 197, 207, 217, 218, 222, 224, 236, 238, 244, 251, 253, 260, 261, 262, 266, 276, 277, 278, 297, 301]"
cleveland,55,128,cleveland_Q003,"[2, 4, 7, 10, 11, 13, 14, 22, 23, 24, 27, 30, 32, 33, 34, 35, 37, 41, 42, 44, 47, 53, 55, 56, 59, 61, 64, 68, 69, 72, 75, 76, 80, 81, 85, 90, 92, 94, 96, 98, 99, 101, 102, 111, 113, 114, 115, 117, 119, 122, 124, 127, 131, 132, 137, 142, 144, 146, 147, 148, 149, 151, 153, 156, 158, 162, 163, 166, 168, 169, 171, 172, 177, 178, 182, 183, 185, 186, 187, 188, 191, 192, 193, 194, 195, 196, 197, 198, 200, 202, 204, 208, 210, 211, 212, 213, 217, 226, 229, 233, 235, 236, 244, 246, 247, 248, 249, 252, 255, 256, 258, 261, 264, 265, 266, 270, 273, 274, 278, 279, 281, 283, 286, 290, 291, 295, 296, 297]"
cleveland,55,256,cleveland_Q003,"[1, 2, 3, 4, 6, 7, 8, 10, 11, 12, 13, 14, 15, 16, 18, 19, 20, 21, 22, 23, 24, 25, 26, 27, 28, 31, 32, 33, 34, 35, 36, 37, 38, 40, 41, 42, 43, 44, 45, 48, 49, 50, 51, 52, 54, 55, 56, 58, 59, 60, 62, 63, 64, 65, 68, 69, 71, 72, 73, 74, 75, 76, 77, 78, 80, 81, 83, 84, 85, 86, 88, 89, 90, 91, 92, 93, 94, 95, 96, 97, 98, 99, 100, 101, 102, 103, 104, 105, 106, 108, 109, 110, 111, 112, 113, 114, 115, 116, 117, 118, 119, 120, 121, 122, 123, 125, 126, 127, 128, 129, 130, 135, 136, 137, 138, 139, 140, 141, 142, 143, 144, 145, 146, 147, 148, 149, 150, 151, 152, 153, 154, 155, 156, 157, 158, 159, 160, 161, 162, 163, 164, 165, 166, 167, 168, 169, 170, 171, 172, 173, 175, 177, 178, 179, 180, 181, 182, 185, 186, 187, 188, 189, 190, 191, 192, 193, 194, 195, 196, 197, 198, 199, 200, 201, 202, 204, 205, 206, 207, 208, 209, 210, 211, 212, 213, 214, 215, 216, 218, 219, 220, 221, 222, 223, 224, 225, 226, 227, 228, 230, 231, 233, 235, 236, 238, 239, 240, 241, 242, 243, 244, 245, 246, 247, 248, 250, 252, 257, 258, 259, 260, 261, 262, 263, 264, 265, 266, 267, 268, 269, 270, 271, 273, 274, 276, 277, 278, 280, 281, 282, 284, 285, 286, 287, 288, 290, 291, 292, 294, 296, 297, 298, 299, 300, 301, 302]"
cleveland,11,8,cleveland_Q004,"[3, 34, 51, 62, 170, 218, 270, 301]"
cleveland,11,16,cleveland_Q004,"[1, 4, 5, 34, 51, 62, 104, 125, 139, 170, 213, 223, 236, 264, 267, 294]"
cleveland,11,32,cleveland_Q004,"[1, 4, 5, 21, 28, 32, 42, 48, 58, 93, 98, 102, 111, 118, 132, 162, 170, 171, 187, 191, 202, 210, 212, 219, 225, 244, 250, 253, 275, 279, 289, 301]"
cleveland,11,64,cleveland_Q004,"[1, 3, 4, 5, 11, 17, 18, 20, 22, 25, 27, 29, 38, 42, 52, 71, 78, 82, 83, 87, 91, 99, 100, 105, 108, 114, 117, 131, 132, 141, 145, 146, 152, 156, 167, 168, 169, 170, 172, 178, 179, 186, 187, 188, 195, 196, 200, 202, 218, 221, 223, 225, 237, 240, 245, 247, 251, 257, 279, 281, 290, 297, 298, 302]"
cleveland,11,128,cleveland_Q004,"[1, 2, 3, 4, 7, 9, 12, 13, 14, 16, 17, 19, 21, 22, 26, 28, 31, 32, 37, 38, 41, 44, 54, 55, 56, 57, 61, 63, 64, 65, 69, 70, 72, 73, 74, 75, 76, 77, 78, 79, 84, 87, 90, 93, 94, 101, 103, 109, 110, 111, 114, 115, 116, 119, 120, 126, 127, 128, 131, 133, 134, 137, 138, 139, 143, 146, 148, 155, 156, 158, 159, 162, 164, 166, 169, 170, 172, 182, 184, 185, 186, 187, 189, 193, 194, 195, 198, 200, 204, 205, 206, 210, 212, 216, 217, 218, 219, 223, 229, 233, 234, 235, 238, 240, 244, 245, 250, 252, 255, 260, 261, 262, 263, 264, 268, 274, 275, 277, 281, 285, 287, 289, 291, 296, 297, 298, 300, 301]"
cleveland,11,256,cleveland_Q004,"[0, 1, 2, 3, 4, 5, 6, 7, 8, 9, 10, 11, 12, 14, 15, 16, 17, 18, 21, 22, 23, 24, 25, 27, 28, 29, 30, 31, 32, 33, 34, 35, 36, 37, 38, 39, 41, 42, 43, 44, 45, 46, 47, 48, 49, 50, 51, 52, 53, 54, 55, 56, 58, 59, 60, 61, 62, 63, 64, 65, 66, 67, 68, 70, 71, 72, 73, 74, 75, 76, 77, 78, 79, 81, 82, 84, 85, 88, 89, 90, 91, 92, 93, 95, 96, 98, 99, 100, 102, 103, 104, 105, 106, 108, 109, 110, 111, 112, 113, 114, 115, 116, 117, 118, 119, 120, 122, 124, 125, 126, 128, 130, 131, 132, 133, 135, 137, 139, 140, 142, 143, 144, 145, 146, 148, 149, 150, 151, 152, 153, 154, 155, 156, 157, 158, 162, 163, 164, 165, 166, 167, 168, 170, 173, 175, 176, 177, 179, 180, 181, 182, 183, 184, 185, 186, 187, 188, 189, 190, 191, 192, 193, 194, 195, 196, 197, 198, 199, 200, 201, 202, 204, 205, 206, 207, 208, 209, 210, 211, 212, 213, 214, 215, 216, 218, 219, 220, 222, 223, 224, 225, 226, 227, 228, 230, 232, 233, 234, 235, 236, 237, 238, 239, 240, 242, 243, 244, 245, 246, 247, 248, 249, 250, 251, 252, 254, 255, 256, 257, 258, 259, 261, 262, 263, 264, 265, 266, 268, 269, 270, 271, 272, 273, 277, 278, 279, 280, 281, 282, 283, 285, 286, 288, 289, 290, 291, 292, 293, 294, 295, 296, 297, 298, 299, 300, 302]"
cleveland,22,8,cleveland_Q004,"[43, 75, 125, 170, 184, 193, 199, 206]"
cleveland,22,16,cleveland_Q004,"[1, 23, 31, 41, 43, 47, 62, 72, 74, 122, 162, 179, 187, 188, 195, 202]"
cleveland,22,32,cleveland_Q004,"[1, 22, 30, 39, 40, 45, 59, 67, 68, 70, 112, 116, 120, 130, 138, 154, 169, 170, 178, 184, 187, 192, 210, 216, 223, 225, 233, 237, 243, 271, 289, 299]"
cleveland,22,64,cleveland_Q004,"[1, 16, 20, 23, 26, 35, 36, 40, 41, 52, 60, 61, 62, 74, 85, 100, 102, 103, 107, 108, 114, 116, 117, 123, 133, 136, 140, 145, 148, 150, 156, 157, 159, 162, 168, 170, 180, 186, 187, 190, 192, 199, 200, 202, 206, 207, 211, 212, 213, 217, 224, 238, 241, 249, 258, 259, 262, 267, 280, 281, 283, 289, 298, 302]"
cleveland,22,128,cleveland_Q004,"[1, 3, 10, 13, 15, 18, 20, 24, 26, 30, 32, 39, 40, 44, 45, 47, 49, 58, 64, 66, 67, 72, 73, 75, 76, 79, 82, 83, 84, 88, 91, 94, 100, 102, 103, 104, 105, 107, 110, 113, 114, 115, 116, 120, 121, 123, 124, 125, 129, 130, 136, 139, 140, 144, 146, 148, 149, 153, 154, 155, 156, 157, 158, 159, 162, 163, 164, 165, 168, 169, 170, 172, 173, 181, 183, 184, 187, 189, 190, 191, 195, 196, 197, 198, 203, 204, 209, 212, 217, 219, 220, 221, 230, 232, 233, 237, 239, 240, 241, 243, 245, 246, 249, 250, 252, 253, 255, 256, 263, 265, 267, 268, 272, 274, 278, 279, 282, 283, 287, 289, 291, 293, 294, 295, 296, 298, 299, 301]"
cleveland,22,256,cleveland_Q004,"[1, 2, 3, 5, 6, 7, 8, 9, 10, 12, 13, 14, 16, 19, 20, 21, 22, 23, 25, 26, 28, 30, 31, 32, 33, 34, 35, 36, 37, 38, 39, 40, 42, 43, 44, 45, 46, 47, 48, 49, 50, 51, 52, 53, 54, 55, 56, 57, 58, 59, 60, 62, 64, 65, 67, 68, 69, 70, 71, 72, 73, 74, 75, 76, 77, 78, 79, 81, 82, 83, 84, 85, 86, 88, 89, 90, 91, 92, 93, 95, 96, 97, 98, 99, 100, 101, 102, 103, 105, 106, 107, 108, 109, 110, 111, 112, 115, 116, 119, 120, 121, 122, 124, 125, 126, 127, 128, 129, 130, 133, 134, 135, 136, 139, 140, 141, 142, 143, 144, 145, 146, 147, 148, 149, 150, 151, 152, 154, 155, 156, 157, 158, 159, 160, 161, 162, 163, 164, 167, 168, 170, 172, 173, 174, 175, 176, 177, 178, 180, 181, 182, 183, 184, 185, 186, 187, 188, 190, 191, 192, 193, 195, 196, 197, 198, 199, 200, 202, 204, 205, 206, 207, 208, 211, 212, 213, 214, 215, 216, 218, 220, 221, 222, 223, 224, 225, 226, 227, 228, 229, 230, 231, 232, 233, 234, 235, 237, 238, 239, 240, 241, 242, 243, 244, 245, 246, 248, 249, 250, 251, 252, 253, 254, 255, 257, 258, 259, 260, 261, 262, 263, 264, 265, 266, 267, 268, 269, 270, 271, 272, 273, 274, 275, 276, 278, 279, 280, 281, 282, 283, 284, 285, 287, 288, 289, 290, 291, 292, 293, 294, 296, 297, 298, 299, 300, 301]"
cleveland,33,8,cleveland_Q004,"[1, 65, 75, 81, 110, 180, 266, 286]"
cleveland,33,16,cleveland_Q004,"[1, 9, 47, 63, 73, 78, 91, 107, 175, 182, 187, 214, 237, 241, 260, 280]"
cleveland,33,32,cleveland_Q004,"[1, 8, 18, 22, 25, 33, 44, 51, 60, 69, 72, 74, 79, 83, 86, 101, 123, 156, 165, 170, 174, 187, 193, 201, 203, 214, 225, 229, 247, 256, 266, 296]"
cleveland,33,64,cleveland_Q004,"[0, 1, 6, 7, 15, 16, 19, 21, 22, 25, 29, 37, 39, 46, 53, 61, 62, 65, 71, 74, 77, 83, 89, 90, 109, 133, 138, 143, 144, 146, 149, 151, 153, 162, 163, 166, 170, 171, 175, 178, 179, 187, 190, 200, 203, 211, 213, 218, 221, 228, 235, 241, 246, 251, 263, 264, 266, 270, 272, 275, 283, 286, 301, 302]"
cleveland,33,128,cleveland_Q004,"[0, 1, 5, 6, 9, 12, 15, 17, 19, 22, 26, 29, 35, 39, 40, 44, 45, 47, 48, 49, 52, 53, 55, 56, 57, 60, 62, 65, 66, 70, 71, 79, 82, 85, 92, 94, 98, 100, 103, 104, 107, 108, 110, 112, 113, 114, 116, 118, 122, 125, 126, 127, 128, 130, 132, 134, 135, 140, 141, 147, 150, 151, 158, 160, 161, 162, 164, 167, 170, 172, 174, 175, 176, 187, 188, 189, 190, 192, 195, 198, 200, 203, 206, 207, 208, 210, 212, 213, 214, 216, 220, 222, 223, 225, 227, 228, 230, 232, 235, 237, 238, 241, 243, 245, 246, 247, 248, 252, 255, 257, 259, 260, 261, 270, 276, 277, 279, 282, 284, 287, 288, 289, 294, 296, 297, 298, 301, 302]"
cleveland,33,256,cleveland_Q004,"[0, 1, 2, 3, 4, 5, 6, 7, 8, 10, 11, 12, 13, 14, 16, 18, 19, 20, 21, 22, 23, 24, 25, 26, 28, 29, 30, 31, 33, 35, 36, 37, 38, 41, 42, 43, 44, 45, 46, 47, 48, 49, 50, 51, 52, 53, 55, 56, 57, 59, 60, 61, 62, 63, 64, 65, 66, 67, 68, 69, 70, 71, 72, 73, 74, 75, 76, 78, 79, 80, 81, 82, 83, 84, 85, 86, 87, 88, 89, 90, 91, 92, 94, 95, 96, 98, 99, 100, 101, 102, 103, 104, 105, 106, 107, 108, 109, 111, 112, 113, 114, 115, 116, 117, 118, 119, 120, 121, 122, 123, 124, 125, 127, 128, 129, 131, 133, 134, 135, 136, 137, 138, 139, 140, 141, 142, 143, 145, 146, 148, 149, 150, 151, 153, 155, 157, 158, 161, 162, 164, 165, 166, 167, 168, 169, 170, 171, 172, 173, 174, 175, 176, 177, 178, 179, 180, 181, 182, 183, 184, 185, 187, 188, 189, 191, 192, 193, 194, 195, 196, 198, 199, 200, 201, 203, 204, 205, 207, 208, 209, 210, 211, 214, 215, 216, 217, 218, 219, 220, 222, 223, 224, 225, 227, 228, 229, 230, 232, 233, 234, 235, 236, 237, 238, 239, 240, 241, 242, 243, 244, 245, 246, 247, 248, 249, 250, 251, 254, 255, 256, 257, 258, 259, 260, 261, 262, 263, 264, 265, 266, 268, 269, 272, 273, 274, 275, 277, 279, 280, 283, 285, 286, 287, 288, 290, 291, 292, 293, 294, 295, 296, 297, 298, 299, 301, 302]"
cleveland,44,8,cleveland_Q004,"[34, 61, 64, 169, 170, 204, 213, 245]"
cleveland,44,16,cleveland_Q004,"[1, 4, 5, 23, 34, 60, 63, 85, 138, 166, 167, 170, 200, 208, 240, 248]"
cleveland,44,32,cleveland_Q004,"[1, 4, 5, 22, 26, 32, 38, 43, 55, 57, 59, 76, 80, 93, 108, 111, 117, 131, 144, 156, 158, 170, 187, 190, 196, 198, 228, 233, 236, 259, 290, 301]"
cleveland,44,64,cleveland_Q004,"[1, 4, 5, 12, 13, 16, 19, 20, 23, 28, 29, 34, 39, 44, 46, 49, 50, 53, 54, 62, 64, 67, 69, 71, 72, 77, 83, 96, 97, 99, 103, 104, 105, 116, 123, 129, 135, 138, 139, 140, 146, 161, 166, 170, 174, 183, 187, 194, 201, 207, 209, 218, 222, 231, 234, 245, 256, 261, 264, 266, 285, 288, 292, 295]"
cleveland,44,128,cleveland_Q004,"[0, 1, 3, 4, 6, 8, 9, 10, 12, 15, 16, 17, 21, 23, 26, 30, 34, 36, 37, 38, 39, 40, 41, 46, 48, 49, 51, 53, 55, 59, 61, 62, 64, 65, 66, 68, 72, 73, 74, 76, 79, 80, 81, 82, 86, 87, 89, 95, 97, 100, 102, 104, 105, 106, 112, 113, 114, 122, 123, 124, 125, 127, 128, 131, 135, 141, 143, 146, 147, 150, 154, 155, 164, 166, 167, 169, 170, 174, 175, 177, 179, 182, 183, 187, 188, 192, 194, 197, 200, 201, 204, 206, 208, 209, 210, 214, 216, 219, 220, 221, 222, 223, 224, 227, 231, 238, 242, 244, 248, 250, 252, 254, 260, 263, 265, 269, 270, 279, 280, 282, 287, 288, 289, 293, 294, 298, 301, 302]"
cleveland,44,256,cleveland_Q004,"[0, 1, 3, 5, 6, 7, 8, 9, 10, 11, 12, 14, 16, 17, 18, 19, 20, 21, 22, 23, 25, 26, 27, 28, 29, 30, 31, 33, 34, 35, 36, 37, 38, 39, 40, 41, 44, 45, 47, 48, 49, 50, 51, 52, 53, 54, 55, 56, 58, 59, 60, 61, 62, 64, 65, 66, 67, 68, 69, 70, 72, 73, 74, 76, 77, 78, 79, 80, 81, 83, 84, 86, 87, 88, 89, 92, 93, 94, 95, 96, 97, 99, 100, 101, 102, 103, 104, 105, 106, 107, 108, 109, 110, 111, 112, 114, 115, 116, 117, 118, 120, 121, 122, 124, 125, 126, 127, 128, 129, 130, 131, 132, 133, 134, 135, 136, 138, 139, 140, 141, 142, 144, 145, 146, 147, 148, 150, 151, 152, 153, 154, 155, 156, 158, 160, 161, 162, 163, 166, 167, 168, 169, 170, 171, 172, 174, 175, 176, 177, 178, 179, 180, 181, 182, 183, 184, 185, 186, 187, 190, 191, 192, 193, 195, 196, 197, 198, 199, 200, 201, 202, 203, 204, 205, 207, 208, 209, 210, 211, 212, 213, 214, 215, 216, 217, 220, 221, 222, 223, 224, 225, 226, 227, 228, 229, 230, 231, 232, 233, 234, 235, 236, 238, 239, 240, 243, 244, 245, 246, 247, 248, 250, 251, 253, 254, 255, 256, 257, 258, 259, 260, 261, 262, 263, 264, 265, 266, 267, 268, 270, 271, 272, 273, 274, 275, 276, 277, 278, 279, 280, 281, 282, 283, 284, 285, 287, 288, 290, 291, 293, 294, 295, 298, 299, 300, 302]"
cleveland,55,8,cleveland_Q004,"[1, 13, 122, 130, 161, 216, 227, 299]"
cleveland,55,16,cleveland_Q004,"[0, 1, 13, 36, 94, 119, 127, 157, 170, 211, 219, 222, 223, 292, 296, 298]"
cleveland,55,32,cleveland_Q004,"[0, 1, 12, 34, 89, 93, 97, 111, 112, 115, 120, 137, 138, 148, 149, 170, 183, 187, 200, 201, 208, 211, 212, 219, 232, 240, 246, 264, 277, 281, 288, 292]"
cleveland,55,64,cleveland_Q004,"[0, 1, 11, 24, 26, 30, 41, 54, 73, 74, 79, 80, 81, 83, 86, 99, 102, 106, 122, 123, 131, 132, 133, 135, 137, 151, 155, 157, 161, 167, 170, 176, 177, 183, 186, 187, 188, 192, 196, 206, 210, 211, 215, 220, 224, 235, 236, 239, 245, 247, 249, 254, 257, 260, 261, 267, 278, 280, 283, 286, 288, 289, 290, 298]"
cleveland,55,128,cleveland_Q004,"[0, 1, 6, 8, 11, 13, 14, 17, 19, 20, 23, 31, 35, 36, 42, 43, 46, 48, 50, 51, 53, 55, 57, 58, 59, 62, 63, 64, 65, 67, 73, 74, 77, 78, 88, 89, 91, 92, 94, 95, 96, 97, 98, 99, 101, 105, 107, 113, 115, 118, 119, 121, 123, 128, 129, 131, 136, 137, 139, 141, 142, 147, 151, 153, 160, 161, 162, 164, 165, 169, 170, 179, 180, 183, 184, 187, 188, 189, 190, 194, 196, 197, 200, 201, 202, 203, 205, 209, 210, 211, 213, 215, 218, 219, 220, 221, 222, 225, 228, 231, 232, 235, 236, 240, 242, 244, 246, 247, 248, 251, 253, 257, 263, 264, 267, 269, 270, 271, 272, 273, 274, 278, 280, 289, 291, 292, 296, 300]"
cleveland,55,256,cleveland_Q004,"[0, 1, 3, 4, 5, 7, 8, 9, 10, 11, 12, 14, 16, 17, 18, 19, 20, 21, 22, 23, 24, 25, 26, 27, 28, 29, 31, 32, 33, 34, 35, 37, 38, 39, 40, 41, 42, 45, 46, 47, 49, 50, 51, 52, 53, 54, 55, 57, 58, 59, 60, 61, 62, 63, 64, 65, 66, 67, 68, 69, 70, 71, 72, 73, 74, 75, 76, 77, 79, 81, 82, 83, 84, 85, 86, 87, 88, 89, 90, 91, 92, 94, 95, 96, 97, 98, 99, 100, 101, 102, 103, 104, 105, 107, 108, 109, 110, 112, 113, 114, 116, 117, 119, 120, 121, 122, 123, 124, 125, 126, 128, 129, 130, 131, 132, 133, 134, 135, 136, 137, 138, 139, 140, 141, 142, 143, 144, 145, 146, 147, 148, 149, 150, 151, 152, 153, 155, 156, 157, 158, 159, 160, 161, 163, 164, 165, 166, 167, 168, 170, 171, 172, 173, 175, 176, 177, 179, 180, 181, 182, 183, 184, 185, 186, 187, 188, 189, 190, 191, 192, 193, 194, 195, 196, 197, 198, 199, 200, 201, 203, 205, 208, 209, 210, 212, 213, 214, 215, 216, 217, 219, 220, 221, 223, 224, 226, 227, 232, 233, 234, 236, 237, 238, 239, 240, 241, 242, 243, 244, 245, 246, 247, 248, 249, 250, 251, 252, 254, 255, 256, 258, 259, 260, 262, 263, 264, 265, 267, 269, 271, 272, 273, 275, 276, 277, 279, 280, 281, 283, 284, 285, 286, 287, 288, 289, 291, 292, 294, 295, 296, 297, 298, 299, 300, 301, 302]"
cleveland,11,8,cleveland_Q005,"[82, 84, 133, 170, 186, 225, 238, 282]"
cleveland,11,16,cleveland_Q005,"[1, 13, 29, 81, 82, 121, 131, 170, 171, 174, 182, 211, 220, 233, 265, 275]"
cleveland,11,32,cleveland_Q005,"[1, 2, 12, 27, 58, 76, 78, 80, 106, 114, 124, 133, 134, 146, 161, 163, 170, 171, 172, 187, 194, 200, 207, 220, 241, 242, 246, 250, 260, 273, 279, 296]"
cleveland,11,64,cleveland_Q005,"[1, 2, 10, 11, 16, 24, 27, 33, 52, 59, 67, 69, 71, 94, 101, 102, 109, 118, 119, 120, 125, 130, 136, 143, 145, 149, 151, 152, 157, 166, 170, 172, 173, 177, 178, 183, 192, 193, 195, 209, 214, 215, 216, 220, 222, 223, 227, 230, 238, 243, 245, 247, 248, 251, 265, 276, 286, 289, 291, 293, 294, 296, 297, 302]"
cleveland,11,128,cleveland_Q005,"[0, 1, 3, 4, 8, 9, 13, 17, 18, 22, 23, 25, 28, 30, 32, 36, 40, 46, 47, 48, 50, 51, 53, 61, 63, 67, 68, 70, 71, 72, 75, 76, 80, 81, 90, 91, 92, 94, 96, 98, 102, 103, 104, 107, 108, 112, 114, 115, 116, 118, 120, 122, 125, 126, 127, 128, 131, 132, 134, 136, 139, 143, 147, 148, 149, 150, 152, 154, 160, 161, 162, 164, 166, 167, 168, 170, 171, 177, 179, 180, 184, 187, 190, 191, 192, 193, 194, 198, 200, 202, 203, 210, 212, 213, 215, 216, 217, 220, 221, 223, 225, 228, 229, 230, 231, 232, 233, 239, 242, 256, 257, 260, 266, 269, 271, 275, 276, 279, 280, 281, 282, 284, 285, 289, 290, 293, 299, 300]"
cleveland,11,256,cleveland_Q005,"[0, 1, 2, 3, 5, 6, 7, 9, 10, 11, 12, 14, 15, 16, 17, 18, 19, 20, 23, 24, 25, 28, 30, 31, 32, 34, 35, 37, 38, 39, 40, 41, 42, 44, 45, 46, 47, 48, 50, 51, 52, 53, 55, 56, 57, 58, 59, 60, 61, 62, 63, 64, 67, 68, 69, 70, 71, 72, 73, 74, 75, 76, 77, 78, 79, 80, 81, 82, 84, 85, 86, 87, 88, 89, 90, 91, 92, 94, 95, 96, 97, 99, 101, 102, 103, 104, 105, 106, 107, 108, 109, 110, 112, 113, 114, 115, 116, 117, 119, 120, 121, 122, 125, 126, 127, 128, 129, 130, 132, 133, 134, 135, 136, 137, 138, 140, 141, 142, 145, 146, 147, 148, 150, 151, 152, 153, 155, 156, 157, 158, 159, 160, 161, 162, 163, 164, 165, 166, 167, 168, 169, 170, 171, 172, 173, 174, 175, 176, 177, 178, 179, 180, 181, 182, 183, 184, 185, 186, 187, 188, 190, 191, 192, 193, 194, 195, 196, 197, 198, 199, 200, 201, 202, 203, 204, 205, 207, 208, 209, 210, 211, 212, 213, 215, 216, 218, 220, 221, 222, 224, 225, 226, 227, 228, 229, 230, 231, 233, 234, 235, 236, 237, 238, 239, 241, 242, 243, 244, 245, 246, 247, 248, 249, 250, 251, 252, 253, 254, 256, 257, 259, 260, 261, 263, 264, 265, 266, 267, 268, 270, 271, 272, 276, 277, 278, 280, 281, 282, 283, 284, 286, 287, 288, 289, 290, 291, 293, 294, 295, 296, 297, 298, 299, 300, 301, 302]"
cleveland,22,8,cleveland_Q005,"[1, 4, 10, 12, 112, 126, 196, 298]"
cleveland,22,16,cleveland_Q005,"[1, 4, 10, 12, 14, 49, 65, 79, 109, 123, 140, 170, 192, 203, 291, 295]"
cleveland,22,32,cleveland_Q005,"[1, 4, 5, 10, 11, 13, 37, 42, 46, 51, 55, 61, 75, 89, 103, 113, 114, 116, 133, 146, 147, 170, 182, 192, 205, 215, 239, 246, 275, 279, 292, 294]"
cleveland,22,64,cleveland_Q005,"[1, 3, 4, 5, 7, 9, 10, 12, 17, 19, 29, 33, 38, 41, 45, 47, 49, 52, 54, 56, 65, 66, 70, 79, 84, 91, 101, 102, 103, 118, 130, 131, 142, 143, 148, 160, 170, 171, 172, 181, 184, 190, 192, 193, 212, 213, 220, 226, 238, 243, 245, 248, 249, 255, 260, 262, 270, 280, 281, 283, 285, 297, 298, 301]"
cleveland,22,128,cleveland_Q005,"[1, 3, 4, 6, 7, 8, 9, 10, 13, 14, 18, 19, 20, 22, 24, 25, 28, 29, 31, 32, 35, 37, 40, 41, 44, 45, 47, 49, 50, 54, 56, 60, 62, 64, 65, 67, 68, 71, 75, 76, 78, 81, 82, 84, 85, 88, 91, 94, 99, 100, 103, 107, 109, 112, 114, 118, 121, 127, 130, 134, 137, 138, 139, 141, 144, 147, 149, 150, 155, 159, 162, 165, 167, 170, 172, 173, 175, 176, 179, 180, 183, 184, 185, 187, 188, 190, 191, 194, 195, 196, 197, 199, 203, 204, 209, 211, 212, 213, 215, 216, 219, 221, 222, 229, 233, 236, 237, 238, 239, 240, 242, 243, 244, 252, 254, 255, 260, 263, 269, 270, 275, 276, 281, 282, 284, 292, 299, 300]"
cleveland,22,256,cleveland_Q005,"[0, 1, 2, 3, 4, 5, 6, 8, 10, 11, 12, 13, 14, 15, 17, 18, 19, 20, 21, 22, 25, 26, 27, 28, 29, 30, 32, 33, 34, 35, 36, 37, 38, 39, 40, 41, 42, 43, 44, 45, 46, 48, 49, 50, 51, 52, 53, 54, 55, 56, 57, 58, 59, 60, 62, 63, 64, 66, 67, 68, 69, 70, 71, 72, 73, 74, 76, 77, 78, 79, 80, 81, 82, 83, 84, 85, 86, 87, 88, 89, 91, 92, 93, 94, 95, 96, 97, 98, 99, 100, 101, 102, 103, 104, 106, 107, 109, 110, 111, 112, 114, 115, 116, 117, 118, 119, 120, 121, 122, 123, 124, 126, 127, 128, 129, 130, 131, 132, 133, 134, 135, 137, 139, 141, 142, 145, 146, 147, 148, 149, 152, 153, 154, 155, 156, 157, 158, 159, 160, 161, 165, 167, 169, 170, 171, 172, 173, 174, 175, 176, 177, 178, 179, 180, 181, 182, 183, 184, 185, 186, 188, 189, 190, 191, 193, 194, 195, 196, 197, 198, 199, 200, 202, 203, 205, 206, 207, 208, 209, 210, 211, 213, 214, 215, 216, 217, 220, 223, 224, 225, 226, 227, 228, 229, 230, 231, 233, 234, 235, 236, 237, 238, 239, 240, 241, 243, 244, 245, 246, 247, 248, 249, 250, 251, 253, 254, 255, 256, 257, 259, 260, 261, 262, 263, 264, 265, 266, 267, 270, 272, 273, 274, 275, 276, 277, 278, 280, 281, 282, 283, 284, 285, 286, 287, 288, 289, 290, 291, 292, 293, 294, 295, 296, 297, 299, 302]"
cleveland,33,8,cleveland_Q005,"[1, 59, 70, 168, 179, 190, 245, 272]"
cleveland,33,16,cleveland_Q005,"[1, 25, 38, 54, 58, 68, 97, 109, 129, 164, 170, 175, 186, 235, 239, 266]"
cleveland,33,32,cleveland_Q005,"[1, 8, 17, 24, 30, 36, 51, 55, 59, 60, 64, 92, 96, 103, 122, 126, 144, 155, 165, 170, 176, 193, 217, 222, 226, 227, 232, 237, 242, 246, 251, 285]"
cleveland,33,64,cleveland_Q005,"[1, 6, 7, 8, 14, 15, 19, 20, 21, 26, 32, 33, 45, 48, 52, 53, 57, 63, 68, 73, 81, 85, 92, 95, 97, 103, 108, 112, 124, 128, 134, 137, 140, 145, 155, 158, 166, 170, 172, 174, 175, 176, 183, 193, 197, 200, 202, 207, 212, 216, 217, 219, 222, 224, 231, 238, 246, 254, 267, 276, 278, 298, 301, 302]"
cleveland,33,128,cleveland_Q005,"[1, 5, 6, 10, 11, 12, 15, 16, 20, 23, 24, 26, 27, 34, 36, 39, 40, 42, 47, 48, 49, 50, 53, 56, 58, 59, 60, 64, 67, 68, 71, 75, 79, 81, 82, 84, 86, 88, 90, 97, 99, 101, 102, 104, 107, 110, 111, 114, 122, 123, 129, 130, 131, 134, 136, 138, 140, 141, 144, 146, 152, 153, 154, 157, 158, 160, 161, 164, 165, 166, 170, 174, 180, 181, 184, 185, 187, 191, 192, 197, 199, 202, 203, 204, 208, 210, 212, 216, 217, 218, 222, 224, 226, 227, 228, 229, 231, 235, 236, 237, 240, 243, 244, 246, 248, 249, 251, 253, 255, 256, 259, 262, 264, 266, 267, 269, 274, 276, 277, 280, 291, 292, 293, 294, 297, 299, 301, 302]"
cleveland,33,256,cleveland_Q005,"[1, 2, 3, 5, 6, 7, 8, 9, 11, 12, 13, 14, 15, 19, 20, 21, 22, 23, 24, 25, 26, 27, 28, 29, 30, 31, 32, 33, 34, 35, 36, 37, 40, 41, 43, 44, 45, 46, 48, 49, 50, 51, 53, 54, 55, 56, 57, 58, 59, 60, 61, 63, 65, 66, 67, 68, 69, 71, 73, 75, 76, 77, 78, 79, 80, 81, 82, 83, 84, 85, 86, 87, 88, 89, 90, 91, 92, 93, 94, 95, 96, 97, 98, 100, 102, 103, 105, 106, 107, 108, 110, 111, 112, 114, 115, 118, 119, 120, 121, 122, 123, 124, 125, 126, 128, 129, 130, 131, 132, 133, 134, 135, 136, 137, 138, 139, 140, 141, 143, 144, 145, 146, 147, 149, 150, 151, 152, 153, 154, 155, 156, 158, 159, 160, 163, 166, 167, 168, 169, 170, 171, 172, 173, 174, 175, 176, 177, 178, 179, 180, 181, 182, 183, 184, 185, 186, 187, 188, 189, 190, 192, 193, 194, 195, 196, 197, 198, 199, 200, 201, 202, 203, 204, 205, 206, 207, 208, 209, 210, 211, 212, 213, 214, 216, 217, 218, 219, 220, 221, 222, 223, 224, 225, 226, 227, 228, 229, 231, 233, 234, 236, 237, 238, 239, 240, 241, 243, 244, 245, 246, 247, 248, 249, 250, 251, 252, 253, 254, 255, 256, 257, 258, 259, 260, 261, 262, 264, 266, 268, 270, 271, 273, 274, 275, 276, 277, 278, 280, 281, 282, 284, 285, 286, 288, 289, 291, 292, 293, 294, 295, 297, 298, 299, 300, 301, 302]"
cleveland,44,8,cleveland_Q005,"[37, 61, 97, 115, 170, 172, 210, 264]"
cleveland,44,16,cleveland_Q005,"[1, 9, 24, 37, 60, 95, 113, 120, 123, 149, 167, 170, 190, 205, 239, 258]"
cleveland,44,32,cleveland_Q005,"[1, 8, 17, 23, 25, 28, 33, 35, 52, 57, 68, 90, 106, 107, 113, 116, 126, 141, 158, 170, 177, 180, 194, 209, 221, 226, 227, 234, 244, 246, 289, 296]"
cleveland,44,64,cleveland_Q005,"[1, 8, 12, 15, 21, 23, 25, 29, 31, 45, 46, 50, 54, 61, 65, 71, 78, 80, 83, 85, 86, 94, 95, 98, 101, 103, 112, 117, 122, 125, 129, 136, 138, 140, 141, 146, 151, 158, 159, 170, 171, 174, 177, 184, 186, 197, 201, 202, 208, 213, 216, 220, 225, 238, 257, 258, 264, 265, 273, 279, 289, 294, 295, 299]"
cleveland,44,128,cleveland_Q005,"[1, 2, 6, 9, 11, 15, 17, 18, 19, 22, 23, 30, 33, 35, 37, 40, 41, 45, 47, 51, 54, 55, 59, 60, 61, 62, 63, 64, 66, 67, 68, 69, 70, 72, 73, 74, 75, 77, 78, 84, 85, 91, 92, 93, 95, 99, 100, 101, 104, 106, 108, 110, 113, 116, 119, 120, 122, 125, 132, 138, 139, 141, 143, 146, 147, 148, 149, 150, 152, 153, 156, 157, 158, 159, 161, 163, 166, 170, 173, 178, 179, 183, 188, 198, 200, 201, 203, 204, 205, 208, 211, 213, 216, 220, 221, 224, 226, 230, 231, 232, 234, 235, 237, 240, 242, 244, 248, 249, 254, 258, 260, 262, 263, 266, 272, 275, 276, 277, 279, 280, 286, 287, 288, 290, 291, 292, 293, 300]"
cleveland,44,256,cleveland_Q005,"[0, 1, 2, 4, 5, 7, 8, 9, 10, 11, 12, 15, 16, 17, 20, 21, 22, 23, 24, 25, 26, 27, 28, 29, 30, 31, 32, 33, 34, 35, 36, 38, 39, 42, 43, 44, 45, 46, 47, 48, 49, 50, 51, 52, 53, 55, 56, 57, 59, 61, 63, 64, 65, 66, 67, 68, 69, 70, 72, 73, 74, 75, 76, 77, 79, 82, 83, 84, 86, 87, 88, 89, 90, 91, 92, 93, 94, 95, 98, 99, 100, 101, 102, 103, 104, 105, 106, 107, 108, 109, 110, 111, 112, 113, 114, 115, 116, 117, 118, 119, 120, 121, 122, 123, 125, 126, 127, 128, 129, 130, 131, 132, 133, 135, 136, 137, 138, 142, 143, 144, 146, 148, 149, 150, 151, 152, 154, 155, 156, 157, 158, 160, 161, 162, 163, 164, 165, 166, 167, 168, 169, 170, 171, 172, 173, 174, 175, 177, 178, 179, 180, 181, 182, 183, 184, 185, 186, 187, 191, 192, 193, 195, 196, 197, 198, 199, 200, 201, 202, 203, 204, 205, 206, 208, 209, 210, 211, 212, 213, 214, 215, 216, 217, 218, 219, 220, 221, 222, 223, 224, 225, 226, 227, 228, 231, 232, 233, 234, 237, 238, 239, 240, 241, 242, 243, 244, 245, 246, 247, 248, 249, 251, 254, 255, 256, 257, 258, 259, 260, 261, 262, 263, 264, 265, 266, 268, 269, 270, 271, 272, 273, 274, 275, 276, 277, 278, 279, 280, 282, 284, 285, 286, 287, 288, 289, 290, 291, 292, 294, 295, 296, 297, 298, 299, 301, 302]"
cleveland,55,8,cleveland_Q005,"[1, 4, 8, 26, 65, 120, 252, 282]"
cleveland,55,16,cleveland_Q005,"[1, 4, 8, 13, 23, 26, 60, 63, 117, 126, 170, 214, 247, 248, 268, 276]"
cleveland,55,32,cleveland_Q005,"[1, 2, 4, 8, 13, 22, 24, 27, 41, 46, 50, 57, 59, 84, 111, 120, 142, 169, 170, 191, 193, 203, 210, 214, 222, 233, 235, 254, 258, 260, 286, 294]"
cleveland,55,64,cleveland_Q005,"[1, 2, 3, 4, 7, 8, 11, 16, 19, 20, 22, 24, 32, 37, 41, 44, 50, 52, 56, 67, 69, 75, 79, 81, 98, 101, 105, 106, 127, 131, 133, 143, 144, 148, 150, 151, 152, 160, 166, 169, 170, 172, 179, 185, 188, 191, 197, 198, 206, 208, 209, 225, 230, 242, 244, 245, 247, 255, 258, 263, 274, 276, 281, 289]"
cleveland,55,128,cleveland_Q005,"[1, 2, 3, 4, 5, 7, 8, 13, 15, 16, 19, 21, 23, 25, 28, 31, 32, 33, 34, 35, 38, 39, 43, 45, 50, 51, 54, 57, 61, 64, 70, 72, 74, 75, 78, 79, 82, 83, 88, 90, 91, 93, 96, 98, 100, 101, 102, 103, 111, 113, 114, 116, 117, 118, 120, 125, 126, 127, 128, 130, 132, 133, 134, 141, 143, 147, 152, 154, 155, 157, 161, 164, 167, 169, 170, 173, 183, 188, 189, 191, 192, 193, 195, 200, 202, 211, 212, 214, 216, 217, 219, 220, 225, 229, 233, 235, 237, 238, 239, 241, 243, 246, 249, 250, 251, 255, 257, 258, 260, 261, 262, 264, 269, 271, 272, 274, 277, 283, 285, 286, 287, 293, 294, 296, 297, 299, 300, 301]"
cleveland,55,256,cleveland_Q005,"[0, 1, 2, 3, 4, 5, 6, 7, 8, 9, 10, 11, 12, 13, 14, 17, 18, 20, 21, 23, 24, 25, 26, 28, 30, 32, 33, 34, 35, 36, 37, 38, 39, 40, 41, 42, 43, 44, 45, 46, 47, 48, 49, 50, 51, 52, 53, 54, 55, 56, 57, 58, 59, 60, 61, 62, 63, 64, 65, 66, 68, 69, 70, 71, 72, 73, 74, 75, 76, 77, 78, 79, 80, 81, 83, 84, 85, 86, 87, 88, 89, 90, 91, 93, 94, 96, 98, 99, 100, 103, 109, 110, 111, 112, 113, 114, 115, 116, 117, 118, 119, 120, 121, 123, 124, 125, 126, 128, 129, 130, 131, 132, 133, 134, 135, 136, 137, 138, 139, 140, 141, 142, 143, 144, 145, 146, 148, 149, 150, 151, 153, 155, 156, 157, 158, 159, 160, 161, 163, 164, 165, 166, 167, 169, 170, 171, 172, 174, 175, 176, 177, 178, 179, 180, 182, 183, 184, 185, 186, 187, 189, 190, 191, 192, 193, 194, 195, 196, 197, 198, 199, 201, 202, 203, 204, 205, 207, 208, 209, 210, 211, 212, 213, 214, 216, 217, 219, 220, 222, 223, 224, 225, 227, 229, 230, 231, 232, 233, 234, 237, 238, 239, 240, 241, 242, 243, 244, 246, 247, 248, 250, 251, 252, 253, 254, 255, 256, 257, 258, 259, 260, 261, 262, 263, 264, 265, 266, 268, 269, 270, 271, 272, 274, 275, 276, 277, 278, 279, 281, 282, 284, 285, 286, 287, 289, 290, 291, 292, 293, 295, 296, 297, 298, 299, 300, 302]"
cleveland,11,8,cleveland_Q006,"[45, 50, 109, 140, 152, 153, 214, 216]"
cleveland,11,16,cleveland_Q006,"[32, 42, 44, 45, 50, 108, 137, 149, 152, 196, 210, 211, 216, 229, 242, 254]"
cleveland,11,32,cleveland_Q006,"[23, 24, 30, 37, 40, 41, 44, 47, 58, 72, 100, 102, 125, 130, 132, 133, 141, 144, 149, 185, 198, 200, 204, 213, 217, 219, 229, 235, 241, 258, 271, 281]"
cleveland,11,64,cleveland_Q006,"[15, 20, 21, 25, 27, 32, 33, 35, 37, 41, 44, 52, 64, 67, 74, 82, 84, 89, 90, 104, 107, 110, 112, 114, 118, 120, 124, 128, 132, 133, 136, 147, 148, 149, 158, 164, 169, 170, 175, 177, 181, 190, 193, 196, 197, 203, 207, 209, 210, 213, 241, 242, 249, 256, 258, 262, 267, 270, 281, 286, 287, 296, 298, 302]"
cleveland,11,128,cleveland_Q006,"[7, 11, 14, 15, 16, 19, 20, 24, 25, 26, 27, 29, 30, 31, 34, 35, 38, 39, 40, 42, 43, 44, 48, 49, 50, 52, 58, 59, 61, 63, 64, 65, 67, 69, 72, 81, 82, 84, 85, 86, 87, 89, 91, 92, 93, 95, 97, 102, 103, 107, 108, 114, 116, 118, 119, 120, 121, 122, 123, 125, 128, 129, 134, 143, 147, 148, 149, 151, 152, 155, 157, 159, 162, 164, 167, 168, 172, 181, 183, 184, 186, 187, 193, 194, 196, 197, 198, 200, 201, 202, 205, 207, 208, 209, 210, 211, 212, 214, 216, 218, 223, 224, 229, 230, 232, 233, 234, 237, 243, 246, 258, 260, 261, 263, 266, 270, 271, 274, 276, 277, 282, 283, 284, 286, 291, 293, 294, 295]"
cleveland,11,256,cleveland_Q006,"[2, 3, 4, 5, 6, 7, 8, 9, 11, 12, 13, 14, 16, 17, 18, 19, 20, 21, 22, 23, 24, 25, 26, 27, 28, 30, 31, 32, 33, 34, 35, 36, 37, 38, 39, 41, 43, 44, 45, 47, 48, 49, 50, 51, 52, 53, 54, 55, 56, 57, 58, 59, 60, 61, 62, 63, 64, 65, 67, 68, 69, 70, 71, 73, 75, 76, 77, 78, 79, 80, 81, 82, 83, 84, 86, 87, 88, 89, 90, 91, 92, 94, 95, 97, 99, 100, 101, 102, 104, 105, 106, 107, 108, 109, 110, 111, 112, 113, 114, 115, 116, 117, 120, 121, 122, 123, 124, 125, 126, 127, 128, 129, 130, 131, 132, 133, 135, 136, 138, 139, 140, 141, 142, 144, 145, 146, 147, 148, 149, 151, 152, 153, 157, 158, 159, 161, 162, 163, 164, 165, 167, 169, 173, 174, 175, 176, 177, 178, 179, 180, 181, 182, 183, 184, 186, 187, 189, 190, 191, 192, 193, 194, 195, 196, 197, 198, 199, 200, 201, 203, 204, 205, 206, 208, 209, 210, 211, 212, 213, 214, 215, 216, 217, 218, 219, 220, 221, 222, 223, 224, 226, 227, 228, 229, 230, 231, 232, 233, 234, 236, 237, 238, 241, 242, 243, 244, 245, 247, 248, 249, 250, 251, 252, 253, 254, 255, 256, 257, 258, 260, 261, 262, 263, 264, 265, 266, 267, 268, 269, 270, 274, 276, 277, 278, 279, 280, 281, 282, 283, 284, 285, 286, 287, 288, 289, 290, 291, 292, 293, 294, 295, 296, 297, 298, 300, 302]"
cleveland,22,8,cleveland_Q006,"[6, 51, 52, 113, 114, 166, 246, 256]"
cleveland,22,16,cleveland_Q006,"[5, 27, 42, 50, 51, 52, 62, 110, 112, 153, 162, 234, 240, 246, 250, 299]"
cleveland,22,32,cleveland_Q006,"[5, 9, 21, 25, 40, 42, 47, 48, 51, 59, 66, 67, 90, 103, 105, 108, 110, 124, 146, 154, 160, 179, 190, 191, 223, 228, 234, 237, 265, 272, 282, 284]"
cleveland,22,64,cleveland_Q006,"[2, 4, 5, 8, 10, 19, 22, 23, 26, 28, 33, 35, 37, 42, 49, 51, 52, 59, 60, 68, 80, 82, 84, 85, 92, 93, 97, 99, 108, 110, 124, 129, 131, 137, 139, 141, 142, 144, 160, 162, 166, 170, 175, 198, 201, 206, 207, 210, 216, 229, 236, 239, 242, 245, 247, 252, 258, 261, 267, 268, 270, 280, 284, 293]"
cleveland,22,128,cleveland_Q006,"[1, 2, 3, 6, 7, 8, 14, 16, 17, 20, 21, 22, 25, 26, 28, 29, 30, 31, 34, 35, 38, 42, 44, 46, 48, 51, 52, 53, 60, 61, 64, 66, 69, 73, 76, 77, 78, 82, 84, 86, 89, 91, 95, 96, 97, 100, 101, 103, 105, 106, 107, 110, 112, 114, 118, 121, 124, 125, 126, 127, 129, 130, 136, 140, 143, 148, 149, 151, 154, 155, 158, 167, 170, 172, 175, 177, 178, 181, 183, 188, 191, 192, 194, 200, 202, 203, 204, 205, 206, 207, 209, 214, 216, 217, 220, 221, 222, 225, 226, 228, 229, 230, 231, 236, 237, 240, 241, 242, 247, 251, 252, 253, 257, 259, 263, 268, 270, 274, 276, 280, 281, 283, 284, 285, 292, 295, 299, 300]"
cleveland,22,256,cleveland_Q006,"[0, 1, 2, 3, 4, 5, 7, 8, 9, 10, 11, 14, 15, 16, 17, 18, 19, 20, 21, 22, 23, 25, 26, 27, 28, 29, 31, 32, 34, 36, 37, 39, 40, 41, 42, 43, 44, 45, 46, 47, 48, 49, 50, 51, 52, 53, 55, 56, 57, 58, 59, 60, 61, 62, 63, 65, 67, 68, 69, 70, 71, 72, 73, 74, 75, 77, 78, 80, 81, 83, 84, 85, 86, 87, 88, 89, 90, 91, 92, 93, 94, 95, 96, 97, 98, 99, 101, 103, 104, 105, 106, 107, 108, 109, 110, 111, 112, 113, 114, 115, 116, 117, 118, 119, 120, 121, 122, 123, 124, 126, 127, 128, 129, 130, 131, 132, 133, 135, 136, 138, 139, 140, 141, 142, 143, 144, 145, 146, 147, 149, 150, 151, 152, 153, 154, 156, 157, 158, 159, 160, 161, 162, 163, 164, 165, 166, 167, 169, 170, 171, 172, 173, 174, 175, 176, 177, 178, 179, 181, 183, 186, 187, 188, 189, 190, 191, 192, 193, 194, 195, 196, 197, 198, 199, 201, 202, 203, 204, 205, 206, 207, 208, 209, 214, 216, 217, 218, 219, 222, 224, 226, 228, 230, 231, 232, 233, 234, 236, 237, 238, 239, 240, 241, 242, 243, 244, 245, 246, 247, 248, 249, 250, 251, 252, 253, 254, 255, 257, 258, 259, 260, 261, 262, 263, 264, 265, 266, 267, 268, 269, 270, 271, 272, 273, 274, 275, 277, 278, 280, 281, 282, 283, 284, 285, 286, 287, 288, 289, 290, 291, 292, 293, 294, 297, 298, 299]"
cleveland,33,8,cleveland_Q006,"[11, 32, 71, 109, 154, 155, 253, 290]"
cleveland,33,16,cleveland_Q006,"[11, 32, 69, 72, 106, 114, 150, 151, 158, 170, 178, 211, 219, 247, 249, 283]"
cleveland,33,32,cleveland_Q006,"[11, 17, 32, 63, 66, 68, 74, 100, 108, 141, 143, 150, 159, 161, 162, 168, 170, 178, 187, 200, 205, 209, 217, 219, 223, 226, 235, 237, 249, 253, 269, 300]"
cleveland,33,64,cleveland_Q006,"[1, 9, 15, 18, 24, 28, 29, 32, 41, 49, 57, 58, 60, 62, 66, 67, 78, 89, 96, 100, 110, 113, 125, 126, 133, 137, 141, 143, 146, 148, 149, 150, 155, 158, 161, 163, 167, 172, 178, 183, 184, 185, 190, 193, 198, 200, 207, 210, 211, 212, 215, 217, 219, 223, 224, 225, 226, 238, 243, 256, 268, 282, 288, 300]"
cleveland,33,128,cleveland_Q006,"[0, 2, 5, 7, 11, 14, 16, 19, 22, 25, 30, 32, 34, 38, 39, 43, 44, 45, 47, 48, 49, 50, 51, 60, 61, 62, 65, 66, 69, 72, 73, 74, 77, 79, 80, 83, 85, 87, 89, 90, 91, 92, 93, 97, 98, 99, 104, 105, 106, 107, 111, 115, 118, 119, 126, 129, 131, 134, 135, 138, 141, 142, 145, 147, 149, 150, 153, 154, 156, 157, 161, 163, 164, 165, 168, 169, 170, 171, 173, 174, 180, 182, 185, 186, 190, 191, 194, 197, 198, 200, 202, 207, 209, 212, 214, 218, 219, 222, 224, 228, 230, 231, 232, 233, 234, 236, 241, 243, 245, 247, 251, 253, 257, 258, 262, 264, 265, 266, 267, 270, 272, 276, 278, 282, 284, 293, 294, 298]"
cleveland,33,256,cleveland_Q006,"[0, 1, 2, 4, 5, 6, 8, 9, 11, 12, 14, 15, 16, 17, 19, 21, 22, 23, 25, 26, 27, 30, 31, 32, 33, 34, 35, 36, 37, 38, 40, 41, 42, 44, 45, 46, 47, 48, 49, 50, 51, 52, 54, 56, 57, 58, 59, 60, 63, 64, 66, 68, 70, 72, 73, 74, 75, 76, 78, 79, 80, 81, 82, 83, 84, 86, 87, 89, 90, 92, 93, 94, 96, 97, 98, 99, 100, 101, 102, 103, 104, 106, 107, 108, 109, 112, 115, 117, 118, 119, 122, 123, 124, 125, 126, 127, 128, 129, 130, 131, 132, 133, 134, 135, 136, 137, 138, 139, 140, 141, 142, 143, 144, 145, 146, 147, 148, 149, 150, 151, 152, 154, 155, 156, 157, 158, 159, 160, 161, 162, 163, 164, 165, 166, 167, 169, 170, 171, 172, 174, 175, 176, 178, 179, 180, 181, 182, 183, 184, 185, 186, 188, 190, 191, 192, 193, 194, 195, 196, 197, 198, 199, 200, 202, 203, 204, 205, 206, 207, 208, 209, 210, 211, 212, 213, 214, 215, 216, 217, 218, 219, 220, 221, 222, 223, 224, 225, 226, 227, 228, 229, 231, 232, 233, 234, 235, 236, 238, 239, 240, 241, 242, 243, 244, 245, 246, 247, 248, 249, 250, 251, 252, 253, 254, 255, 257, 258, 259, 260, 261, 262, 263, 264, 265, 266, 267, 268, 270, 271, 272, 274, 275, 277, 279, 280, 281, 282, 283, 284, 285, 286, 287, 288, 289, 290, 291, 292, 293, 294, 295, 296, 297, 298, 300, 301, 302]"
cleveland,44,8,cleveland_Q006,"[17, 86, 90, 92, 93, 154, 236, 289]"
cleveland,44,16,cleveland_Q006,"[8, 17, 21, 27, 84, 87, 90, 91, 92, 140, 154, 231, 275, 282, 285, 298]"
cleveland,44,32,cleveland_Q006,"[7, 16, 19, 20, 25, 44, 49, 51, 53, 79, 83, 85, 86, 92, 121, 126, 133, 139, 144, 152, 153, 166, 172, 219, 239, 249, 262, 265, 268, 270, 271, 283]"
cleveland,44,64,cleveland_Q006,"[6, 14, 17, 18, 22, 24, 31, 34, 39, 41, 43, 45, 48, 70, 72, 73, 75, 76, 85, 92, 100, 108, 112, 114, 117, 124, 128, 136, 140, 141, 146, 147, 152, 158, 171, 172, 178, 185, 189, 194, 199, 202, 206, 213, 219, 223, 228, 232, 237, 240, 241, 248, 249, 251, 268, 273, 274, 275, 282, 284, 285, 286, 289, 298]"
cleveland,44,128,cleveland_Q006,"[5, 6, 8, 10, 13, 14, 16, 18, 19, 24, 26, 30, 32, 33, 34, 35, 36, 37, 50, 51, 52, 54, 55, 56, 57, 58, 67, 69, 70, 71, 74, 75, 76, 80, 83, 86, 87, 89, 92, 93, 96, 97, 103, 107, 109, 110, 111, 112, 114, 115, 121, 122, 126, 129, 133, 134, 137, 138, 141, 145, 146, 147, 149, 152, 154, 155, 159, 162, 163, 167, 169, 172, 174, 175, 178, 179, 180, 182, 187, 188, 189, 190, 191, 192, 193, 195, 201, 204, 205, 208, 209, 210, 211, 213, 215, 216, 218, 219, 221, 225, 229, 236, 246, 247, 250, 253, 255, 256, 259, 260, 261, 262, 263, 264, 265, 267, 273, 274, 276, 277, 278, 279, 280, 284, 288, 292, 293, 302]"
cleveland,44,256,cleveland_Q006,"[1, 3, 4, 5, 6, 7, 9, 10, 12, 13, 14, 15, 16, 17, 18, 19, 21, 22, 23, 25, 26, 27, 28, 29, 30, 31, 32, 33, 34, 35, 36, 37, 38, 39, 41, 42, 44, 45, 46, 47, 48, 49, 50, 51, 52, 53, 54, 55, 56, 57, 58, 59, 60, 61, 62, 64, 65, 66, 67, 68, 70, 71, 72, 74, 75, 76, 77, 78, 79, 80, 84, 85, 86, 87, 88, 89, 91, 92, 93, 97, 98, 100, 101, 102, 103, 104, 105, 106, 107, 108, 109, 110, 111, 113, 115, 116, 118, 119, 120, 121, 122, 123, 126, 127, 128, 129, 130, 131, 132, 133, 134, 135, 136, 137, 139, 140, 141, 142, 143, 145, 146, 147, 148, 149, 150, 152, 153, 155, 157, 158, 159, 161, 162, 163, 164, 165, 166, 167, 168, 169, 170, 172, 173, 174, 175, 176, 177, 178, 179, 180, 182, 184, 185, 186, 187, 188, 189, 190, 191, 192, 193, 194, 195, 196, 197, 199, 200, 202, 204, 205, 206, 208, 209, 210, 211, 212, 213, 214, 215, 216, 217, 218, 219, 220, 221, 222, 223, 224, 225, 226, 227, 228, 229, 230, 231, 232, 233, 234, 235, 236, 239, 240, 243, 244, 245, 246, 247, 248, 251, 252, 253, 254, 255, 256, 257, 258, 259, 260, 261, 262, 263, 264, 265, 266, 267, 268, 269, 270, 271, 272, 273, 275, 276, 278, 280, 281, 282, 283, 284, 285, 286, 287, 288, 289, 290, 291, 292, 293, 294, 295, 296, 297, 298, 300, 301, 302]"
cleveland,55,8,cleveland_Q006,"[20, 35, 93, 100, 109, 181, 249, 291]"
cleveland,55,16,cleveland_Q006,"[20, 34, 64, 74, 91, 98, 107, 173, 177, 178, 183, 191, 218, 230, 243, 284]"
cleveland,55,32,cleveland_Q006,"[20, 25, 32, 52, 61, 63, 70, 86, 92, 95, 101, 102, 120, 125, 157, 160, 167, 168, 173, 174, 181, 196, 208, 218, 231, 232, 237, 251, 253, 269, 292, 300]"
cleveland,55,64,cleveland_Q006,"[20, 22, 28, 40, 41, 44, 46, 54, 56, 57, 62, 76, 82, 84, 89, 91, 102, 106, 107, 111, 116, 130, 135, 140, 142, 143, 147, 149, 153, 156, 159, 161, 162, 171, 173, 179, 183, 186, 193, 196, 201, 204, 207, 211, 223, 225, 238, 241, 245, 253, 267, 270, 271, 273, 277, 278, 280, 281, 282, 287, 294, 295, 299, 301]"
cleveland,55,128,cleveland_Q006,"[1, 4, 8, 16, 20, 21, 29, 31, 32, 34, 35, 39, 40, 43, 44, 45, 46, 47, 52, 53, 55, 56, 61, 64, 66, 68, 69, 72, 73, 74, 78, 79, 80, 81, 83, 84, 85, 88, 90, 94, 101, 102, 105, 106, 107, 108, 109, 110, 111, 113, 114, 116, 117, 118, 121, 126, 127, 134, 135, 136, 138, 139, 140, 141, 142, 143, 145, 149, 151, 154, 155, 157, 158, 159, 164, 166, 167, 172, 173, 174, 175, 176, 184, 186, 187, 193, 194, 195, 196, 197, 201, 204, 205, 206, 209, 215, 216, 220, 221, 224, 230, 232, 234, 237, 242, 243, 251, 252, 259, 260, 261, 267, 268, 269, 272, 273, 275, 277, 281, 282, 283, 284, 285, 292, 293, 297, 298, 299]"
cleveland,55,256,cleveland_Q006,"[0, 2, 3, 4, 5, 7, 8, 10, 11, 12, 13, 14, 15, 16, 17, 18, 19, 20, 21, 22, 23, 26, 27, 29, 30, 31, 32, 34, 35, 36, 37, 38, 39, 40, 41, 42, 43, 44, 45, 46, 47, 48, 49, 51, 52, 53, 54, 55, 56, 57, 58, 59, 60, 61, 62, 63, 64, 65, 66, 68, 69, 70, 71, 72, 73, 74, 75, 76, 77, 78, 79, 80, 81, 82, 83, 84, 85, 86, 89, 90, 91, 93, 94, 96, 97, 98, 99, 100, 101, 102, 103, 104, 105, 106, 107, 108, 110, 111, 114, 115, 116, 117, 119, 120, 122, 123, 124, 125, 126, 127, 128, 129, 131, 132, 133, 134, 135, 136, 137, 138, 139, 141, 142, 143, 144, 145, 146, 147, 149, 150, 151, 152, 153, 154, 155, 157, 158, 159, 160, 162, 163, 165, 166, 167, 169, 170, 173, 174, 175, 176, 177, 178, 179, 180, 181, 182, 184, 185, 187, 189, 190, 191, 192, 194, 195, 196, 197, 198, 199, 200, 201, 202, 204, 205, 207, 208, 209, 210, 211, 212, 213, 215, 216, 219, 220, 221, 222, 223, 224, 225, 226, 227, 228, 229, 230, 232, 234, 235, 236, 238, 239, 240, 241, 242, 244, 245, 246, 247, 248, 249, 250, 251, 252, 253, 254, 255, 256, 258, 259, 260, 261, 263, 264, 265, 266, 267, 268, 269, 270, 271, 272, 273, 274, 275, 277, 278, 279, 280, 281, 282, 284, 285, 286, 287, 288, 289, 290, 291, 293, 296, 297, 298, 299, 300, 301, 302]"
cleveland,11,8,cleveland_Q007,"[45, 50, 109, 140, 152, 153, 214, 216]"
cleveland,11,16,cleveland_Q007,"[32, 42, 44, 49, 60, 108, 137, 149, 150, 196, 210, 211, 216, 229, 242, 254]"
cleveland,11,32,cleveland_Q007,"[23, 24, 30, 37, 40, 41, 46, 57, 60, 72, 100, 102, 125, 130, 132, 133, 141, 144, 150, 185, 198, 200, 204, 213, 217, 219, 229, 235, 241, 242, 271, 281]"
cleveland,11,64,cleveland_Q007,"[15, 20, 21, 25, 27, 32, 33, 35, 37, 41, 51, 60, 64, 67, 74, 82, 84, 89, 90, 104, 107, 110, 112, 114, 118, 120, 124, 128, 132, 133, 136, 147, 148, 150, 158, 164, 169, 170, 175, 177, 181, 190, 193, 196, 197, 203, 207, 209, 210, 213, 241, 242, 243, 250, 257, 262, 267, 270, 281, 286, 287, 296, 298, 302]"
cleveland,11,128,cleveland_Q007,"[7, 11, 14, 15, 16, 19, 20, 24, 25, 26, 27, 29, 30, 31, 34, 35, 38, 39, 40, 42, 43, 47, 48, 49, 51, 57, 58, 60, 61, 63, 64, 65, 67, 69, 72, 81, 82, 84, 85, 86, 87, 89, 91, 92, 93, 95, 97, 102, 103, 107, 108, 114, 116, 118, 119, 120, 121, 122, 123, 125, 128, 129, 134, 143, 147, 148, 150, 151, 152, 155, 157, 159, 162, 164, 167, 168, 172, 181, 183, 184, 186, 187, 193, 194, 196, 197, 198, 200, 201, 202, 205, 207, 208, 209, 210, 211, 212, 214, 216, 218, 223, 224, 229, 230, 232, 233, 234, 237, 241, 244, 247, 260, 261, 263, 266, 270, 271, 274, 276, 277, 282, 283, 284, 286, 291, 293, 294, 295]"
cleveland,11,256,cleveland_Q007,"[2, 3, 4, 5, 6, 7, 8, 9, 11, 12, 13, 14, 16, 17, 18, 19, 20, 21, 22, 23, 24, 25, 26, 27, 28, 30, 31, 32, 33, 34, 35, 36, 37, 38, 39, 41, 43, 44, 46, 47, 48, 49, 50, 51, 52, 53, 54, 55, 56, 57, 58, 59, 60, 61, 62, 63, 64, 65, 67, 68, 69, 70, 71, 73, 75, 76, 77, 78, 79, 80, 81, 82, 83, 84, 86, 87, 88, 89, 90, 91, 92, 94, 95, 97, 99, 100, 101, 102, 104, 105, 106, 107, 108, 109, 110, 111, 112, 113, 114, 115, 116, 117, 120, 121, 122, 123, 124, 125, 126, 127, 128, 129, 130, 131, 132, 133, 135, 136, 138, 139, 140, 141, 142, 144, 145, 146, 147, 148, 150, 151, 152, 153, 157, 158, 159, 161, 162, 163, 164, 165, 167, 169, 173, 174, 175, 176, 177, 178, 179, 180, 181, 182, 183, 184, 186, 187, 189, 190, 191, 192, 193, 194, 195, 196, 197, 198, 199, 200, 201, 203, 204, 205, 206, 208, 209, 210, 211, 212, 213, 214, 215, 216, 217, 218, 219, 220, 221, 222, 223, 224, 226, 227, 228, 229, 230, 231, 232, 233, 234, 236, 237, 238, 241, 242, 243, 244, 245, 246, 248, 249, 250, 251, 252, 253, 254, 255, 256, 257, 258, 260, 261, 262, 263, 264, 265, 266, 267, 268, 269, 270, 274, 276, 277, 278, 279, 280, 281, 282, 283, 284, 285, 286, 287, 288, 289, 290, 291, 292, 293, 294, 295, 296, 297, 298, 300, 302]"
cleveland,22,8,cleveland_Q007,"[6, 51, 52, 113, 121, 166, 246, 256]"
cleveland,22,16,cleveland_Q007,"[5, 27, 42, 50, 51, 61, 63, 111, 121, 153, 162, 234, 240, 246, 250, 299]"
cleveland,22,32,cleveland_Q007,"[5, 9, 21, 25, 40, 42, 47, 48, 58, 63, 66, 67, 90, 103, 105, 108, 121, 143, 146, 154, 160, 179, 190, 191, 223, 228, 234, 237, 265, 272, 282, 284]"
cleveland,22,64,cleveland_Q007,"[2, 4, 5, 8, 10, 19, 22, 23, 26, 28, 33, 35, 37, 42, 49, 51, 58, 59, 63, 68, 80, 82, 84, 85, 92, 93, 97, 99, 108, 121, 128, 130, 136, 138, 140, 141, 143, 144, 160, 162, 166, 170, 175, 198, 201, 206, 207, 210, 216, 229, 236, 239, 242, 245, 247, 252, 258, 261, 267, 268, 270, 280, 284, 293]"
cleveland,22,128,cleveland_Q007,"[1, 2, 3, 6, 7, 8, 14, 16, 17, 20, 21, 22, 25, 26, 28, 29, 30, 31, 34, 35, 38, 42, 44, 46, 48, 51, 52, 59, 60, 63, 64, 66, 69, 73, 76, 77, 78, 82, 84, 86, 89, 91, 95, 96, 97, 100, 101, 103, 105, 106, 107, 111, 113, 117, 120, 121, 124, 125, 126, 128, 129, 135, 139, 142, 143, 148, 149, 151, 154, 155, 158, 167, 170, 172, 175, 177, 178, 181, 183, 188, 191, 192, 194, 200, 202, 203, 204, 205, 206, 207, 209, 214, 216, 217, 220, 221, 222, 225, 226, 228, 229, 230, 231, 236, 237, 240, 241, 242, 247, 251, 252, 253, 257, 259, 263, 268, 270, 274, 276, 280, 281, 283, 284, 285, 292, 295, 299, 300]"
cleveland,22,256,cleveland_Q007,"[0, 1, 2, 3, 4, 5, 7, 8, 9, 10, 11, 14, 15, 16, 17, 18, 19, 20, 21, 22, 23, 25, 26, 27, 28, 29, 31, 32, 34, 36, 37, 39, 40, 41, 42, 43, 44, 45, 46, 47, 48, 49, 50, 51, 52, 54, 55, 56, 57, 58, 59, 60, 61, 62, 63, 65, 67, 68, 69, 70, 71, 72, 73, 74, 75, 77, 78, 80, 81, 83, 84, 85, 86, 87, 88, 89, 90, 91, 92, 93, 94, 95, 96, 97, 98, 99, 101, 103, 104, 105, 106, 107, 108, 109, 110, 111, 112, 113, 114, 115, 116, 117, 118, 119, 120, 121, 122, 123, 125, 126, 127, 128, 129, 130, 131, 132, 134, 135, 137, 138, 139, 140, 141, 142, 143, 144, 145, 146, 147, 149, 150, 151, 152, 153, 154, 156, 157, 158, 159, 160, 161, 162, 163, 164, 165, 166, 167, 169, 170, 171, 172, 173, 174, 175, 176, 177, 178, 179, 181, 183, 186, 187, 188, 189, 190, 191, 192, 193, 194, 195, 196, 197, 198, 199, 201, 202, 203, 204, 205, 206, 207, 208, 209, 214, 216, 217, 218, 219, 222, 224, 226, 228, 230, 231, 232, 233, 234, 236, 237, 238, 239, 240, 241, 242, 243, 244, 245, 246, 247, 248, 249, 250, 251, 252, 253, 254, 255, 257, 258, 259, 260, 261, 262, 263, 264, 265, 266, 267, 268, 269, 270, 271, 272, 273, 274, 275, 277, 278, 280, 281, 282, 283, 284, 285, 286, 287, 288, 289, 290, 291, 292, 293, 294, 297, 298, 299]"
cleveland,33,8,cleveland_Q007,"[11, 42, 71, 109, 154, 155, 253, 290]"
cleveland,33,16,cleveland_Q007,"[11, 42, 69, 72, 106, 114, 150, 151, 158, 170, 178, 195, 212, 247, 249, 283]"
cleveland,33,32,cleveland_Q007,"[11, 17, 42, 63, 66, 68, 74, 100, 108, 141, 143, 150, 155, 160, 162, 168, 170, 178, 187, 193, 201, 206, 210, 218, 223, 226, 235, 237, 249, 253, 269, 300]"
cleveland,33,64,cleveland_Q007,"[1, 9, 15, 18, 24, 28, 29, 40, 42, 49, 57, 58, 60, 62, 66, 67, 78, 89, 96, 100, 110, 113, 125, 126, 133, 137, 141, 143, 146, 148, 149, 150, 155, 156, 159, 163, 167, 172, 178, 183, 184, 185, 190, 193, 194, 199, 201, 208, 211, 212, 213, 216, 218, 223, 224, 225, 226, 238, 243, 256, 268, 282, 288, 300]"
cleveland,33,128,cleveland_Q007,"[0, 2, 5, 7, 11, 14, 16, 19, 22, 25, 30, 33, 37, 38, 42, 43, 44, 45, 47, 48, 49, 50, 51, 60, 61, 62, 65, 66, 69, 72, 73, 74, 77, 79, 80, 83, 85, 87, 89, 90, 91, 92, 93, 97, 98, 99, 104, 105, 106, 107, 111, 115, 118, 119, 126, 129, 131, 134, 135, 138, 141, 142, 145, 147, 149, 150, 153, 154, 155, 157, 158, 163, 164, 165, 168, 169, 170, 171, 173, 174, 180, 182, 185, 186, 190, 191, 193, 195, 198, 199, 201, 203, 208, 210, 213, 215, 219, 222, 224, 228, 230, 231, 232, 233, 234, 236, 241, 243, 245, 247, 251, 253, 257, 258, 262, 264, 265, 266, 267, 270, 272, 276, 278, 282, 284, 293, 294, 298]"
cleveland,33,256,cleveland_Q007,"[0, 1, 2, 4, 5, 6, 8, 9, 11, 12, 14, 15, 16, 17, 19, 21, 22, 23, 25, 26, 27, 30, 31, 32, 33, 34, 35, 36, 37, 39, 40, 41, 42, 44, 45, 46, 47, 48, 49, 50, 51, 52, 54, 56, 57, 58, 59, 60, 63, 64, 66, 68, 70, 72, 73, 74, 75, 76, 78, 79, 80, 81, 82, 83, 84, 86, 87, 89, 90, 92, 93, 94, 96, 97, 98, 99, 100, 101, 102, 103, 104, 106, 107, 108, 109, 112, 115, 117, 118, 119, 122, 123, 124, 125, 126, 127, 128, 129, 130, 131, 132, 133, 134, 135, 136, 137, 138, 139, 140, 141, 142, 143, 144, 145, 146, 147, 148, 149, 150, 151, 152, 154, 155, 156, 157, 158, 159, 160, 161, 162, 163, 164, 165, 166, 167, 169, 170, 171, 172, 174, 175, 176, 178, 179, 180, 181, 182, 183, 184, 185, 186, 188, 190, 191, 192, 193, 194, 195, 196, 197, 198, 199, 200, 201, 203, 204, 205, 206, 207, 208, 209, 210, 211, 212, 213, 214, 215, 216, 217, 218, 219, 220, 221, 222, 223, 224, 225, 226, 227, 228, 229, 231, 232, 233, 234, 235, 236, 238, 239, 240, 241, 242, 243, 244, 245, 246, 247, 248, 249, 250, 251, 252, 253, 254, 255, 257, 258, 259, 260, 261, 262, 263, 264, 265, 266, 267, 268, 270, 271, 272, 274, 275, 277, 279, 280, 281, 282, 283, 284, 285, 286, 287, 288, 289, 290, 291, 292, 293, 294, 295, 296, 297, 298, 300, 301, 302]"
cleveland,44,8,cleveland_Q007,"[17, 86, 90, 92, 93, 152, 236, 289]"
cleveland,44,16,cleveland_Q007,"[8, 17, 21, 27, 84, 87, 90, 91, 105, 140, 152, 231, 275, 282, 285, 298]"
cleveland,44,32,cleveland_Q007,"[7, 16, 19, 20, 25, 44, 49, 51, 53, 79, 83, 85, 86, 105, 121, 126, 133, 139, 144, 150, 153, 157, 167, 219, 239, 249, 262, 265, 268, 270, 271, 283]"
cleveland,44,64,cleveland_Q007,"[6, 14, 17, 18, 22, 24, 31, 34, 39, 41, 43, 45, 48, 70, 72, 73, 75, 76, 85, 99, 105, 108, 112, 114, 117, 124, 128, 136, 140, 141, 146, 147, 150, 157, 159, 172, 178, 185, 189, 194, 199, 202, 206, 213, 219, 223, 228, 232, 237, 240, 241, 248, 249, 251, 268, 273, 274, 275, 282, 284, 285, 286, 289, 298]"
cleveland,44,128,cleveland_Q007,"[5, 6, 8, 10, 13, 14, 16, 18, 19, 24, 26, 30, 32, 33, 34, 35, 36, 37, 50, 51, 52, 54, 55, 56, 57, 58, 67, 69, 70, 71, 74, 75, 76, 80, 83, 86, 87, 89, 92, 95, 96, 102, 105, 107, 109, 110, 111, 112, 114, 115, 121, 122, 126, 129, 133, 134, 137, 138, 141, 145, 146, 147, 149, 150, 154, 155, 157, 160, 163, 164, 168, 170, 174, 175, 178, 179, 180, 182, 187, 188, 189, 190, 191, 192, 193, 195, 201, 204, 205, 208, 209, 210, 211, 213, 215, 216, 218, 219, 221, 225, 229, 236, 246, 247, 250, 253, 255, 256, 259, 260, 261, 262, 263, 264, 265, 267, 273, 274, 276, 277, 278, 279, 280, 284, 288, 292, 293, 302]"
cleveland,44,256,cleveland_Q007,"[1, 3, 4, 5, 6, 7, 9, 10, 12, 13, 14, 15, 16, 17, 18, 19, 21, 22, 23, 25, 26, 27, 28, 29, 30, 31, 32, 33, 34, 35, 36, 37, 38, 39, 41, 42, 44, 45, 46, 47, 48, 49, 50, 51, 52, 53, 54, 55, 56, 57, 58, 59, 60, 61, 62, 64, 65, 66, 67, 68, 70, 71, 72, 74, 75, 76, 77, 78, 79, 80, 84, 85, 86, 87, 88, 89, 91, 92, 96, 97, 99, 100, 101, 102, 103, 104, 105, 106, 107, 108, 109, 110, 111, 113, 115, 116, 118, 119, 120, 121, 122, 123, 126, 127, 128, 129, 130, 131, 132, 133, 134, 135, 136, 137, 139, 140, 141, 142, 143, 145, 146, 147, 148, 149, 150, 151, 153, 155, 157, 158, 159, 160, 162, 163, 164, 165, 166, 167, 168, 169, 170, 171, 173, 174, 175, 176, 177, 178, 179, 180, 182, 184, 185, 186, 187, 188, 189, 190, 191, 192, 193, 194, 195, 196, 197, 199, 200, 202, 204, 205, 206, 208, 209, 210, 211, 212, 213, 214, 215, 216, 217, 218, 219, 220, 221, 222, 223, 224, 225, 226, 227, 228, 229, 230, 231, 232, 233, 234, 235, 236, 239, 240, 243, 244, 245, 246, 247, 248, 251, 252, 253, 254, 255, 256, 257, 258, 259, 260, 261, 262, 263, 264, 265, 266, 267, 268, 269, 270, 271, 272, 273, 275, 276, 278, 280, 281, 282, 283, 284, 285, 286, 287, 288, 289, 290, 291, 292, 293, 294, 295, 296, 297, 298, 300, 301, 302]"
cleveland,55,8,cleveland_Q007,"[32, 35, 93, 100, 109, 181, 249, 291]"
cleveland,55,16,cleveland_Q007,"[32, 34, 64, 74, 91, 98, 107, 157, 177, 178, 183, 191, 218, 230, 243, 284]"
cleveland,55,32,cleveland_Q007,"[24, 31, 32, 52, 61, 63, 70, 86, 92, 95, 101, 102, 120, 125, 157, 158, 161, 168, 169, 174, 181, 182, 208, 218, 231, 232, 237, 251, 253, 269, 292, 300]"
cleveland,55,64,cleveland_Q007,"[21, 27, 32, 40, 41, 44, 46, 54, 56, 57, 62, 76, 82, 84, 89, 91, 102, 106, 107, 111, 116, 130, 135, 140, 142, 143, 147, 149, 153, 156, 157, 160, 162, 163, 172, 179, 181, 184, 187, 194, 201, 204, 207, 211, 223, 225, 238, 241, 245, 253, 267, 270, 271, 273, 277, 278, 280, 281, 282, 287, 294, 295, 299, 301]"
cleveland,55,128,cleveland_Q007,"[1, 4, 8, 16, 20, 28, 30, 31, 32, 34, 35, 39, 40, 43, 44, 45, 46, 47, 52, 53, 55, 56, 61, 64, 66, 68, 69, 72, 73, 74, 78, 79, 80, 81, 83, 84, 85, 88, 90, 94, 101, 102, 105, 106, 107, 108, 109, 110, 111, 113, 114, 116, 117, 118, 121, 126, 127, 134, 135, 136, 138, 139, 140, 141, 142, 143, 145, 149, 151, 154, 155, 157, 158, 159, 160, 165, 167, 168, 173, 174, 175, 176, 181, 185, 187, 188, 194, 195, 196, 197, 201, 204, 205, 206, 209, 215, 216, 220, 221, 224, 230, 232, 234, 237, 242, 243, 251, 252, 259, 260, 261, 267, 268, 269, 272, 273, 275, 277, 281, 282, 283, 284, 285, 292, 293, 297, 298, 299]"
cleveland,55,256,cleveland_Q007,"[0, 2, 3, 4, 5, 7, 8, 10, 11, 12, 13, 14, 15, 16, 17, 18, 19, 20, 21, 22, 25, 26, 28, 29, 30, 31, 32, 34, 35, 36, 37, 38, 39, 40, 41, 42, 43, 44, 45, 46, 47, 48, 49, 51, 52, 53, 54, 55, 56, 57, 58, 59, 60, 61, 62, 63, 64, 65, 66, 68, 69, 70, 71, 72, 73, 74, 75, 76, 77, 78, 79, 80, 81, 82, 83, 84, 85, 86, 89, 90, 91, 93, 94, 96, 97, 98, 99, 100, 101, 102, 103, 104, 105, 106, 107, 108, 110, 111, 114, 115, 116, 117, 119, 120, 122, 123, 124, 125, 126, 127, 128, 129, 131, 132, 133, 134, 135, 136, 137, 138, 139, 141, 142, 143, 144, 145, 146, 147, 149, 150, 151, 152, 153, 154, 155, 157, 158, 159, 160, 161, 163, 164, 166, 167, 168, 170, 171, 174, 175, 176, 177, 178, 179, 180, 181, 182, 183, 185, 186, 188, 190, 191, 192, 193, 195, 196, 197, 198, 199, 200, 201, 202, 204, 205, 207, 208, 209, 210, 211, 212, 213, 215, 216, 219, 220, 221, 222, 223, 224, 225, 226, 227, 228, 229, 230, 232, 234, 235, 236, 238, 239, 240, 241, 242, 244, 245, 246, 247, 248, 249, 250, 251, 252, 253, 254, 255, 256, 258, 259, 260, 261, 263, 264, 265, 266, 267, 268, 269, 270, 271, 272, 273, 274, 275, 277, 278, 279, 280, 281, 282, 284, 285, 286, 287, 288, 289, 290, 291, 293, 296, 297, 298, 299, 300, 301, 302]"
cleveland,11,8,cleveland_Q008,"[45, 50, 109, 140, 152, 156, 214, 216]"
cleveland,11,16,cleveland_Q008,"[32, 42, 44, 49, 58, 108, 137, 149, 156, 196, 210, 211, 216, 229, 242, 254]"
cleveland,11,32,cleveland_Q008,"[23, 24, 30, 37, 40, 41, 46, 57, 58, 72, 100, 102, 125, 130, 132, 133, 141, 144, 155, 185, 198, 200, 204, 213, 217, 219, 229, 235, 238, 242, 271, 281]"
cleveland,11,64,cleveland_Q008,"[15, 20, 21, 25, 27, 32, 33, 35, 37, 41, 51, 58, 64, 67, 74, 82, 84, 89, 90, 104, 107, 110, 112, 114, 118, 120, 124, 128, 132, 133, 136, 147, 148, 155, 158, 164, 169, 170, 175, 177, 181, 190, 193, 196, 197, 203, 207, 209, 210, 213, 238, 242, 243, 250, 257, 262, 267, 270, 281, 286, 287, 296, 298, 302]"
cleveland,11,128,cleveland_Q008,"[7, 11, 14, 15, 16, 19, 20, 24, 25, 26, 27, 29, 30, 31, 34, 35, 38, 39, 40, 42, 43, 47, 48, 49, 51, 57, 58, 59, 61, 63, 64, 65, 67, 69, 72, 81, 82, 84, 85, 86, 87, 89, 91, 92, 93, 95, 97, 102, 103, 107, 108, 114, 116, 118, 119, 120, 121, 122, 123, 125, 128, 129, 134, 143, 147, 148, 150, 151, 154, 155, 157, 159, 162, 164, 167, 168, 172, 181, 183, 184, 186, 187, 193, 194, 196, 197, 198, 200, 201, 202, 205, 207, 208, 209, 210, 211, 212, 214, 216, 218, 223, 224, 229, 230, 232, 233, 234, 237, 238, 244, 247, 260, 261, 263, 266, 270, 271, 274, 276, 277, 282, 283, 284, 286, 291, 293, 294, 295]"
cleveland,11,256,cleveland_Q008,"[2, 3, 4, 5, 6, 7, 8, 9, 11, 12, 13, 14, 16, 17, 18, 19, 20, 21, 22, 23, 24, 25, 26, 27, 28, 30, 31, 32, 33, 34, 35, 36, 37, 38, 39, 41, 43, 44, 46, 47, 48, 49, 50, 51, 52, 53, 54, 55, 56, 57, 58, 59, 60, 61, 62, 63, 64, 65, 67, 68, 69, 70, 71, 73, 75, 76, 77, 78, 79, 80, 81, 82, 83, 84, 86, 87, 88, 89, 90, 91, 92, 94, 95, 97, 99, 100, 101, 102, 104, 105, 106, 107, 108, 109, 110, 111, 112, 113, 114, 115, 116, 117, 120, 121, 122, 123, 124, 125, 126, 127, 128, 129, 130, 131, 132, 133, 135, 136, 138, 139, 140, 141, 142, 144, 145, 146, 147, 148, 150, 151, 152, 155, 157, 158, 159, 161, 162, 163, 164, 165, 167, 169, 173, 174, 175, 176, 177, 178, 179, 180, 181, 182, 183, 184, 186, 187, 189, 190, 191, 192, 193, 194, 195, 196, 197, 198, 199, 200, 201, 203, 204, 205, 206, 208, 209, 210, 211, 212, 213, 214, 215, 216, 217, 218, 219, 220, 221, 222, 223, 224, 226, 227, 228, 229, 230, 231, 232, 233, 234, 236, 237, 238, 239, 242, 243, 244, 245, 246, 248, 249, 250, 251, 252, 253, 254, 255, 256, 257, 258, 260, 261, 262, 263, 264, 265, 266, 267, 268, 269, 270, 274, 276, 277, 278, 279, 280, 281, 282, 283, 284, 285, 286, 287, 288, 289, 290, 291, 292, 293, 294, 295, 296, 297, 298, 300, 302]"
cleveland,22,8,cleveland_Q008,"[6, 51, 52, 113, 126, 166, 246, 256]"
cleveland,22,16,cleveland_Q008,"[5, 27, 42, 50, 51, 61, 63, 111, 126, 153, 162, 234, 240, 246, 250, 299]"
cleveland,22,32,cleveland_Q008,"[5, 9, 21, 25, 40, 42, 47, 48, 58, 63, 66, 67, 90, 103, 105, 108, 126, 145, 146, 154, 160, 179, 190, 191, 223, 228, 234, 237, 265, 272, 282, 284]"
cleveland,22,64,cleveland_Q008,"[2, 4, 5, 8, 10, 19, 22, 23, 26, 28, 33, 35, 37, 42, 49, 51, 58, 59, 63, 68, 80, 82, 84, 85, 92, 93, 97, 99, 108, 126, 128, 130, 136, 138, 140, 141, 143, 146, 160, 162, 166, 170, 175, 198, 201, 206, 207, 210, 216, 229, 236, 239, 242, 245, 247, 252, 258, 261, 267, 268, 270, 280, 284, 293]"
cleveland,22,128,cleveland_Q008,"[1, 2, 3, 6, 7, 8, 14, 16, 17, 20, 21, 22, 25, 26, 28, 29, 30, 31, 34, 35, 38, 42, 44, 46, 48, 51, 52, 59, 60, 63, 64, 66, 69, 73, 76, 77, 78, 82, 84, 86, 89, 91, 95, 96, 97, 100, 101, 103, 105, 106, 107, 111, 113, 117, 120, 123, 124, 125, 126, 128, 129, 135, 139, 142, 146, 148, 149, 151, 154, 155, 158, 167, 170, 172, 175, 177, 178, 181, 183, 188, 191, 192, 194, 200, 202, 203, 204, 205, 206, 207, 209, 214, 216, 217, 220, 221, 222, 225, 226, 228, 229, 230, 231, 236, 237, 240, 241, 242, 247, 251, 252, 253, 257, 259, 263, 268, 270, 274, 276, 280, 281, 283, 284, 285, 292, 295, 299, 300]"
cleveland,22,256,cleveland_Q008,"[0, 1, 2, 3, 4, 5, 7, 8, 9, 10, 11, 14, 15, 16, 17, 18, 19, 20, 21, 22, 23, 25, 26, 27, 28, 29, 31, 32, 34, 36, 37, 39, 40, 41, 42, 43, 44, 45, 46, 47, 48, 49, 50, 51, 52, 54, 55, 56, 57, 58, 59, 60, 61, 62, 63, 65, 67, 68, 69, 70, 71, 72, 73, 74, 75, 77, 78, 80, 81, 83, 84, 85, 86, 87, 88, 89, 90, 91, 92, 93, 94, 95, 96, 97, 98, 99, 101, 103, 104, 105, 106, 107, 108, 109, 110, 111, 112, 113, 114, 115, 116, 117, 118, 119, 120, 121, 122, 124, 125, 126, 127, 128, 129, 130, 131, 132, 134, 135, 137, 138, 139, 140, 141, 142, 143, 144, 145, 146, 147, 149, 150, 151, 152, 153, 154, 156, 157, 158, 159, 160, 161, 162, 163, 164, 165, 166, 167, 169, 170, 171, 172, 173, 174, 175, 176, 177, 178, 179, 181, 183, 186, 187, 188, 189, 190, 191, 192, 193, 194, 195, 196, 197, 198, 199, 201, 202, 203, 204, 205, 206, 207, 208, 209, 214, 216, 217, 218, 219, 222, 224, 226, 228, 230, 231, 232, 233, 234, 236, 237, 238, 239, 240, 241, 242, 243, 244, 245, 246, 247, 248, 249, 250, 251, 252, 253, 254, 255, 257, 258, 259, 260, 261, 262, 263, 264, 265, 266, 267, 268, 269, 270, 271, 272, 273, 274, 275, 277, 278, 280, 281, 282, 283, 284, 285, 286, 287, 288, 289, 290, 291, 292, 293, 294, 297, 298, 299]"
cleveland,33,8,cleveland_Q008,"[11, 37, 71, 109, 154, 155, 253, 290]"
cleveland,33,16,cleveland_Q008,"[11, 37, 69, 72, 106, 114, 150, 151, 158, 170, 178, 205, 212, 247, 249, 283]"
cleveland,33,32,cleveland_Q008,"[11, 17, 37, 63, 66, 68, 74, 100, 108, 141, 143, 150, 159, 161, 162, 168, 170, 178, 187, 200, 203, 206, 210, 218, 223, 226, 235, 237, 249, 253, 269, 300]"
cleveland,33,64,cleveland_Q008,"[1, 9, 15, 18, 24, 28, 29, 37, 41, 49, 57, 58, 60, 62, 66, 67, 78, 89, 96, 100, 110, 113, 125, 126, 133, 137, 141, 143, 146, 148, 149, 150, 155, 158, 161, 163, 167, 172, 178, 183, 184, 185, 190, 193, 198, 200, 203, 208, 211, 212, 213, 216, 218, 223, 224, 225, 226, 238, 243, 256, 268, 282, 288, 300]"
cleveland,33,128,cleveland_Q008,"[0, 2, 5, 7, 11, 14, 16, 19, 22, 25, 30, 33, 37, 38, 39, 43, 44, 45, 47, 48, 49, 50, 51, 60, 61, 62, 65, 66, 69, 72, 73, 74, 77, 79, 80, 83, 85, 87, 89, 90, 91, 92, 93, 97, 98, 99, 104, 105, 106, 107, 111, 115, 118, 119, 126, 129, 131, 134, 135, 138, 141, 142, 145, 147, 149, 150, 153, 154, 156, 157, 161, 163, 164, 165, 168, 169, 170, 171, 173, 174, 180, 182, 185, 186, 190, 191, 194, 197, 198, 200, 202, 203, 208, 210, 213, 215, 219, 222, 224, 228, 230, 231, 232, 233, 234, 236, 241, 243, 245, 247, 251, 253, 257, 258, 262, 264, 265, 266, 267, 270, 272, 276, 278, 282, 284, 293, 294, 298]"
cleveland,33,256,cleveland_Q008,"[0, 1, 2, 4, 5, 6, 8, 9, 11, 12, 14, 15, 16, 17, 19, 21, 22, 23, 25, 26, 27, 30, 31, 32, 33, 34, 35, 36, 37, 38, 40, 41, 42, 44, 45, 46, 47, 48, 49, 50, 51, 52, 54, 56, 57, 58, 59, 60, 63, 64, 66, 68, 70, 72, 73, 74, 75, 76, 78, 79, 80, 81, 82, 83, 84, 86, 87, 89, 90, 92, 93, 94, 96, 97, 98, 99, 100, 101, 102, 103, 104, 106, 107, 108, 109, 112, 115, 117, 118, 119, 122, 123, 124, 125, 126, 127, 128, 129, 130, 131, 132, 133, 134, 135, 136, 137, 138, 139, 140, 141, 142, 143, 144, 145, 146, 147, 148, 149, 150, 151, 152, 154, 155, 156, 157, 158, 159, 160, 161, 162, 163, 164, 165, 166, 167, 169, 170, 171, 172, 174, 175, 176, 178, 179, 180, 181, 182, 183, 184, 185, 186, 188, 190, 191, 192, 193, 194, 195, 196, 197, 198, 199, 200, 202, 203, 204, 205, 206, 207, 208, 209, 210, 211, 212, 213, 214, 215, 216, 217, 218, 219, 220, 221, 222, 223, 224, 225, 226, 227, 228, 229, 231, 232, 233, 234, 235, 236, 238, 239, 240, 241, 242, 243, 244, 245, 246, 247, 248, 249, 250, 251, 252, 253, 254, 255, 257, 258, 259, 260, 261, 262, 263, 264, 265, 266, 267, 268, 270, 271, 272, 274, 275, 277, 279, 280, 281, 282, 283, 284, 285, 286, 287, 288, 289, 290, 291, 292, 293, 294, 295, 296, 297, 298, 300, 301, 302]"
cleveland,44,8,cleveland_Q008,"[17, 86, 90, 92, 93, 157, 236, 289]"
cleveland,44,16,cleveland_Q008,"[8, 17, 21, 27, 84, 87, 90, 91, 105, 140, 156, 231, 275, 282, 285, 298]"
cleveland,44,32,cleveland_Q008,"[7, 16, 19, 20, 25, 44, 49, 51, 53, 79, 83, 85, 86, 102, 121, 126, 133, 139, 144, 152, 156, 166, 168, 219, 239, 249, 262, 265, 268, 270, 271, 283]"
cleveland,44,64,cleveland_Q008,"[6, 14, 17, 18, 22, 24, 31, 34, 39, 41, 43, 45, 48, 70, 72, 73, 75, 76, 85, 99, 102, 108, 112, 114, 117, 124, 128, 136, 140, 141, 146, 147, 156, 158, 168, 172, 178, 185, 189, 194, 199, 202, 206, 213, 219, 223, 228, 232, 237, 240, 241, 248, 249, 251, 268, 273, 274, 275, 282, 284, 285, 286, 289, 298]"
cleveland,44,128,cleveland_Q008,"[5, 6, 8, 10, 13, 14, 16, 18, 19, 24, 26, 30, 32, 33, 34, 35, 36, 37, 50, 51, 52, 54, 55, 56, 57, 58, 67, 69, 70, 71, 74, 75, 76, 80, 83, 86, 87, 89, 92, 95, 96, 102, 103, 107, 109, 110, 111, 112, 114, 115, 121, 122, 126, 129, 133, 134, 137, 138, 141, 145, 146, 147, 149, 153, 154, 156, 159, 162, 163, 167, 168, 170, 174, 175, 178, 179, 180, 182, 187, 188, 189, 190, 191, 192, 193, 195, 201, 204, 205, 208, 209, 210, 211, 213, 215, 216, 218, 219, 221, 225, 229, 236, 246, 247, 250, 253, 255, 256, 259, 260, 261, 262, 263, 264, 265, 267, 273, 274, 276, 277, 278, 279, 280, 284, 288, 292, 293, 302]"
cleveland,44,256,cleveland_Q008,"[1, 3, 4, 5, 6, 7, 9, 10, 12, 13, 14, 15, 16, 17, 18, 19, 21, 22, 23, 25, 26, 27, 28, 29, 30, 31, 32, 33, 34, 35, 36, 37, 38, 39, 41, 42, 44, 45, 46, 47, 48, 49, 50, 51, 52, 53, 54, 55, 56, 57, 58, 59, 60, 61, 62, 64, 65, 66, 67, 68, 70, 71, 72, 74, 75, 76, 77, 78, 79, 80, 84, 85, 86, 87, 88, 89, 91, 92, 96, 97, 99, 100, 101, 102, 103, 104, 105, 106, 107, 108, 109, 110, 111, 113, 115, 116, 118, 119, 120, 121, 122, 123, 126, 127, 128, 129, 130, 131, 132, 133, 134, 135, 136, 137, 139, 140, 141, 142, 143, 145, 146, 147, 148, 149, 150, 152, 154, 156, 157, 158, 159, 161, 162, 163, 164, 165, 166, 167, 168, 169, 170, 171, 173, 174, 175, 176, 177, 178, 179, 180, 182, 184, 185, 186, 187, 188, 189, 190, 191, 192, 193, 194, 195, 196, 197, 199, 200, 202, 204, 205, 206, 208, 209, 210, 211, 212, 213, 214, 215, 216, 217, 218, 219, 220, 221, 222, 223, 224, 225, 226, 227, 228, 229, 230, 231, 232, 233, 234, 235, 236, 239, 240, 243, 244, 245, 246, 247, 248, 251, 252, 253, 254, 255, 256, 257, 258, 259, 260, 261, 262, 263, 264, 265, 266, 267, 268, 269, 270, 271, 272, 273, 275, 276, 278, 280, 281, 282, 283, 284, 285, 286, 287, 288, 289, 290, 291, 292, 293, 294, 295, 296, 297, 298, 300, 301, 302]"
cleveland,55,8,cleveland_Q008,"[21, 35, 93, 100, 109, 181, 249, 291]"
cleveland,55,16,cleveland_Q008,"[21, 34, 64, 74, 91, 98, 107, 170, 177, 178, 183, 191, 218, 230, 243, 284]"
cleveland,55,32,cleveland_Q008,"[21, 25, 32, 52, 61, 63, 70, 86, 92, 95, 101, 102, 120, 125, 157, 160, 167, 168, 170, 174, 181, 191, 208, 218, 231, 232, 237, 251, 253, 269, 292, 300]"
cleveland,55,64,cleveland_Q008,"[21, 22, 28, 40, 41, 44, 46, 54, 56, 57, 62, 76, 82, 84, 89, 91, 102, 106, 107, 111, 116, 130, 135, 140, 142, 143, 147, 149, 153, 156, 159, 161, 162, 170, 172, 179, 183, 186, 191, 194, 201, 204, 207, 211, 223, 225, 238, 241, 245, 253, 267, 270, 271, 273, 277, 278, 280, 281, 282, 287, 294, 295, 299, 301]"
cleveland,55,128,cleveland_Q008,"[1, 4, 8, 16, 20, 21, 29, 31, 32, 34, 35, 39, 40, 43, 44, 45, 46, 47, 52, 53, 55, 56, 61, 64, 66, 68, 69, 72, 73, 74, 78, 79, 80, 81, 83, 84, 85, 88, 90, 94, 101, 102, 105, 106, 107, 108, 109, 110, 111, 113, 114, 116, 117, 118, 121, 126, 127, 134, 135, 136, 138, 139, 140, 141, 142, 143, 145, 149, 151, 154, 155, 157, 158, 159, 164, 166, 167, 170, 173, 174, 175, 176, 184, 186, 187, 191, 194, 195, 196, 197, 201, 204, 205, 206, 209, 215, 216, 220, 221, 224, 230, 232, 234, 237, 242, 243, 251, 252, 259, 260, 261, 267, 268, 269, 272, 273, 275, 277, 281, 282, 283, 284, 285, 292, 293, 297, 298, 299]"
cleveland,55,256,cleveland_Q008,"[0, 2, 3, 4, 5, 7, 8, 10, 11, 12, 13, 14, 15, 16, 17, 18, 19, 20, 21, 22, 23, 26, 27, 29, 30, 31, 32, 34, 35, 36, 37, 38, 39, 40, 41, 42, 43, 44, 45, 46, 47, 48, 49, 51, 52, 53, 54, 55, 56, 57, 58, 59, 60, 61, 62, 63, 64, 65, 66, 68, 69, 70, 71, 72, 73, 74, 75, 76, 77, 78, 79, 80, 81, 82, 83, 84, 85, 86, 89, 90, 91, 93, 94, 96, 97, 98, 99, 100, 101, 102, 103, 104, 105, 106, 107, 108, 110, 111, 114, 115, 116, 117, 119, 120, 122, 123, 124, 125, 126, 127, 128, 129, 131, 132, 133, 134, 135, 136, 137, 138, 139, 141, 142, 143, 144, 145, 146, 147, 149, 150, 151, 152, 153, 154, 155, 157, 158, 159, 160, 162, 163, 165, 166, 167, 169, 170, 171, 174, 175, 176, 177, 178, 179, 180, 181, 182, 184, 185, 187, 189, 190, 191, 192, 193, 195, 196, 197, 198, 199, 200, 201, 202, 204, 205, 207, 208, 209, 210, 211, 212, 213, 215, 216, 219, 220, 221, 222, 223, 224, 225, 226, 227, 228, 229, 230, 232, 234, 235, 236, 238, 239, 240, 241, 242, 244, 245, 246, 247, 248, 249, 250, 251, 252, 253, 254, 255, 256, 258, 259, 260, 261, 263, 264, 265, 266, 267, 268, 269, 270, 271, 272, 273, 274, 275, 277, 278, 279, 280, 281, 282, 284, 285, 286, 287, 288, 289, 290, 291, 293, 296, 297, 298, 299, 300, 301, 302]"
statlog,11,8,statlog_Q001,"[1, 20, 42, 57, 101, 118, 184, 204]"
statlog,11,16,statlog_Q001,"[1, 20, 41, 55, 86, 98, 106, 115, 140, 169, 179, 198, 200, 211, 251, 266]"
statlog,11,32,statlog_Q001,"[1, 18, 28, 38, 42, 52, 80, 81, 92, 100, 108, 132, 136, 140, 145, 151, 160, 165, 168, 169, 178, 180, 187, 199, 200, 209, 220, 235, 237, 249, 251, 255]"
statlog,11,64,statlog_Q001,"[1, 12, 16, 20, 24, 25, 32, 33, 35, 36, 37, 44, 45, 56, 58, 65, 68, 70, 71, 80, 84, 87, 91, 93, 100, 104, 115, 119, 122, 124, 126, 128, 132, 136, 139, 145, 147, 148, 156, 158, 163, 169, 174, 176, 182, 185, 192, 200, 206, 207, 219, 222, 223, 229, 234, 235, 239, 241, 244, 245, 251, 255, 256, 258]"
statlog,11,128,statlog_Q001,"[1, 4, 7, 9, 10, 11, 12, 13, 15, 16, 17, 18, 21, 23, 24, 26, 27, 28, 32, 33, 41, 43, 49, 50, 51, 52, 54, 56, 57, 62, 64, 65, 68, 72, 74, 76, 79, 80, 81, 88, 89, 90, 91, 92, 93, 94, 95, 96, 97, 98, 101, 102, 103, 104, 105, 107, 109, 110, 112, 113, 114, 115, 122, 126, 127, 128, 129, 131, 133, 135, 136, 137, 139, 140, 141, 147, 148, 155, 158, 159, 162, 163, 166, 167, 171, 172, 176, 178, 179, 180, 182, 186, 190, 191, 194, 197, 198, 199, 200, 206, 211, 212, 215, 216, 219, 221, 223, 224, 227, 230, 231, 232, 233, 234, 237, 241, 247, 252, 253, 254, 255, 257, 258, 259, 262, 265, 266, 268]"
statlog,11,256,statlog_Q001,"[0, 1, 2, 3, 4, 5, 6, 7, 8, 10, 11, 12, 13, 14, 15, 17, 19, 20, 21, 22, 23, 24, 25, 26, 27, 28, 29, 30, 31, 32, 33, 34, 37, 39, 40, 41, 42, 43, 45, 46, 47, 48, 49, 50, 51, 52, 53, 54, 55, 56, 57, 58, 59, 60, 61, 62, 63, 64, 65, 66, 67, 68, 69, 70, 71, 72, 73, 74, 75, 76, 77, 78, 79, 80, 81, 82, 83, 84, 85, 86, 87, 88, 89, 90, 91, 92, 93, 94, 96, 97, 98, 99, 100, 101, 102, 103, 104, 105, 106, 107, 108, 110, 111, 112, 113, 114, 115, 116, 117, 118, 119, 121, 122, 123, 124, 125, 126, 127, 128, 129, 130, 131, 132, 133, 134, 135, 136, 137, 138, 139, 140, 141, 142, 143, 144, 145, 146, 147, 148, 149, 150, 151, 152, 153, 154, 155, 156, 157, 158, 159, 160, 161, 162, 163, 164, 165, 167, 168, 169, 170, 171, 172, 173, 174, 175, 176, 177, 178, 179, 180, 181, 182, 183, 184, 185, 187, 188, 189, 190, 191, 192, 193, 194, 195, 196, 197, 198, 199, 200, 201, 202, 203, 204, 205, 206, 207, 208, 209, 210, 211, 213, 214, 216, 217, 218, 219, 220, 221, 222, 223, 224, 225, 226, 227, 228, 229, 230, 231, 232, 233, 234, 235, 236, 237, 238, 239, 240, 241, 242, 243, 244, 245, 246, 247, 248, 249, 250, 251, 252, 253, 254, 255, 256, 257, 258, 259, 260, 261, 262, 263, 264, 265, 266, 267, 268, 269]"
statlog,22,8,statlog_Q001,"[3, 5, 92, 100, 108, 188, 194, 224]"
statlog,22,16,statlog_Q001,"[0, 3, 6, 23, 64, 75, 90, 98, 106, 133, 150, 183, 189, 218, 229, 238]"
statlog,22,32,statlog_Q001,"[0, 3, 5, 7, 22, 24, 26, 29, 61, 72, 78, 86, 93, 100, 104, 126, 138, 139, 142, 145, 160, 168, 173, 179, 194, 206, 216, 219, 225, 260, 266, 269]"
statlog,22,64,statlog_Q001,"[0, 3, 5, 6, 12, 19, 21, 23, 25, 29, 32, 43, 46, 49, 53, 54, 63, 66, 69, 75, 81, 82, 87, 88, 91, 102, 110, 111, 114, 121, 122, 123, 125, 127, 139, 141, 145, 147, 148, 150, 154, 156, 163, 171, 179, 186, 187, 188, 193, 196, 197, 207, 213, 230, 232, 242, 243, 244, 246, 253, 259, 262, 264, 268]"
statlog,22,128,statlog_Q001,"[0, 1, 2, 3, 4, 5, 9, 10, 11, 13, 14, 15, 16, 17, 19, 20, 22, 23, 24, 25, 29, 30, 33, 35, 37, 39, 40, 45, 46, 47, 48, 50, 51, 52, 53, 57, 61, 62, 64, 66, 68, 71, 72, 75, 78, 80, 84, 85, 87, 88, 89, 91, 92, 96, 102, 105, 107, 109, 112, 117, 119, 121, 124, 125, 126, 127, 128, 129, 132, 135, 139, 140, 145, 148, 149, 153, 156, 158, 159, 161, 163, 172, 173, 174, 176, 177, 178, 180, 181, 182, 185, 186, 188, 190, 191, 193, 195, 197, 201, 202, 205, 206, 212, 215, 217, 224, 227, 228, 230, 231, 235, 239, 241, 243, 245, 248, 252, 253, 254, 255, 256, 257, 259, 261, 263, 264, 267, 269]"
statlog,22,256,statlog_Q001,"[0, 1, 2, 3, 4, 5, 6, 7, 8, 9, 10, 11, 12, 13, 14, 16, 17, 18, 19, 20, 21, 22, 23, 24, 25, 26, 27, 28, 29, 30, 31, 32, 33, 34, 35, 36, 37, 38, 39, 41, 42, 43, 44, 45, 46, 47, 48, 49, 50, 51, 52, 53, 54, 55, 56, 57, 58, 59, 60, 61, 62, 63, 64, 65, 66, 67, 68, 69, 70, 71, 72, 73, 74, 75, 77, 78, 79, 80, 81, 82, 83, 84, 85, 86, 87, 88, 89, 90, 91, 92, 93, 95, 96, 97, 98, 99, 100, 101, 102, 103, 104, 105, 106, 107, 108, 109, 110, 111, 112, 114, 115, 116, 117, 118, 119, 120, 121, 123, 124, 125, 126, 127, 128, 129, 130, 131, 132, 133, 134, 135, 136, 137, 138, 139, 140, 142, 143, 144, 145, 146, 147, 148, 149, 150, 151, 152, 153, 154, 155, 156, 157, 158, 159, 160, 161, 162, 163, 164, 165, 166, 167, 168, 170, 171, 172, 173, 175, 176, 177, 178, 179, 180, 181, 183, 184, 185, 186, 187, 188, 189, 190, 191, 192, 193, 194, 195, 196, 198, 199, 200, 201, 202, 203, 205, 207, 208, 209, 210, 211, 212, 213, 215, 216, 217, 218, 219, 220, 221, 222, 223, 224, 225, 226, 227, 228, 229, 230, 231, 232, 233, 234, 235, 236, 237, 238, 239, 240, 241, 242, 243, 244, 245, 246, 247, 248, 249, 250, 251, 252, 253, 254, 255, 256, 257, 258, 259, 260, 261, 262, 263, 264, 265, 266, 267, 268, 269]"
statlog,33,8,statlog_Q001,"[20, 24, 26, 29, 154, 208, 210, 255]"
statlog,33,16,statlog_Q001,"[3, 19, 24, 25, 28, 38, 39, 48, 58, 115, 149, 175, 195, 203, 205, 247]"
statlog,33,32,statlog_Q001,"[3, 18, 22, 23, 27, 36, 45, 53, 55, 95, 108, 110, 127, 140, 144, 148, 171, 172, 175, 183, 191, 192, 209, 216, 217, 221, 225, 230, 235, 246, 251, 268]"
statlog,33,64,statlog_Q001,"[2, 4, 6, 7, 12, 16, 17, 19, 20, 23, 26, 28, 31, 32, 39, 47, 48, 54, 56, 62, 64, 83, 85, 86, 90, 94, 97, 103, 111, 114, 117, 121, 126, 130, 149, 153, 159, 162, 165, 166, 172, 175, 176, 177, 182, 184, 189, 193, 194, 197, 201, 206, 211, 213, 215, 216, 217, 231, 235, 242, 244, 246, 259, 268]"
statlog,33,128,statlog_Q001,"[2, 3, 4, 5, 8, 9, 11, 12, 13, 14, 16, 18, 19, 20, 21, 22, 27, 28, 32, 33, 34, 35, 38, 39, 40, 42, 43, 45, 48, 49, 52, 54, 59, 60, 62, 63, 65, 66, 68, 69, 70, 75, 76, 79, 81, 82, 84, 85, 87, 90, 91, 94, 102, 106, 111, 112, 115, 121, 123, 128, 131, 132, 133, 135, 136, 138, 140, 141, 144, 146, 148, 152, 155, 157, 158, 159, 163, 164, 166, 170, 171, 172, 175, 176, 177, 178, 180, 181, 182, 183, 185, 189, 190, 193, 195, 196, 199, 201, 202, 209, 213, 215, 216, 217, 219, 220, 224, 229, 230, 233, 234, 236, 237, 238, 240, 241, 246, 250, 251, 256, 257, 258, 260, 262, 265, 266, 267, 268]"
statlog,33,256,statlog_Q001,"[0, 1, 2, 3, 4, 5, 6, 7, 9, 10, 11, 12, 13, 14, 15, 16, 17, 18, 19, 20, 21, 22, 23, 24, 26, 27, 28, 29, 31, 32, 33, 34, 35, 36, 37, 38, 39, 40, 41, 42, 43, 44, 45, 46, 47, 48, 49, 50, 51, 52, 53, 54, 56, 57, 58, 60, 61, 62, 64, 65, 66, 67, 68, 69, 70, 71, 72, 73, 74, 75, 76, 77, 78, 79, 80, 81, 82, 83, 84, 85, 86, 87, 88, 89, 91, 92, 93, 94, 95, 96, 97, 98, 99, 100, 101, 102, 103, 104, 105, 107, 108, 109, 110, 111, 113, 114, 115, 116, 117, 118, 119, 120, 121, 122, 123, 124, 125, 126, 127, 128, 129, 130, 131, 132, 133, 134, 135, 136, 138, 139, 141, 142, 143, 144, 145, 146, 147, 148, 150, 151, 152, 153, 154, 155, 156, 157, 158, 159, 160, 161, 162, 163, 164, 165, 166, 167, 168, 169, 170, 171, 172, 173, 174, 175, 176, 177, 178, 179, 180, 181, 182, 183, 184, 185, 186, 187, 188, 189, 190, 191, 192, 193, 194, 195, 196, 197, 198, 199, 200, 201, 202, 203, 204, 205, 206, 207, 208, 209, 210, 211, 212, 213, 214, 215, 216, 217, 218, 219, 220, 221, 222, 223, 225, 226, 227, 228, 229, 230, 231, 232, 233, 234, 235, 236, 237, 238, 239, 240, 241, 242, 243, 244, 245, 246, 247, 248, 249, 250, 251, 252, 253, 254, 255, 256, 257, 258, 259, 260, 261, 262, 263, 264, 265, 266, 268, 269]"
statlog,44,8,statlog_Q001,"[24, 90, 118, 126, 131, 150, 212, 259]"
statlog,44,16,statlog_Q001,"[7, 23, 65, 66, 84, 88, 111, 115, 126, 127, 146, 172, 206, 216, 252, 269]"
statlog,44,32,statlog_Q001,"[7, 22, 37, 50, 61, 62, 79, 82, 94, 99, 104, 106, 108, 118, 126, 133, 138, 147, 161, 163, 175, 194, 197, 208, 209, 214, 222, 237, 254, 257, 263, 269]"
statlog,44,64,statlog_Q001,"[3, 4, 6, 13, 19, 22, 24, 32, 41, 43, 47, 53, 54, 57, 66, 67, 68, 70, 71, 83, 86, 91, 93, 94, 95, 96, 99, 102, 103, 109, 113, 118, 122, 126, 127, 129, 133, 141, 142, 144, 146, 153, 154, 155, 159, 169, 172, 173, 176, 183, 186, 190, 194, 205, 208, 213, 219, 224, 225, 227, 234, 238, 241, 255]"
statlog,44,128,statlog_Q001,"[2, 3, 4, 8, 9, 11, 13, 14, 15, 17, 18, 23, 30, 31, 35, 37, 38, 39, 40, 43, 48, 49, 50, 52, 55, 57, 59, 62, 63, 64, 65, 66, 67, 68, 69, 72, 74, 75, 77, 78, 80, 82, 85, 90, 92, 94, 97, 98, 100, 103, 106, 107, 108, 109, 111, 114, 115, 116, 120, 123, 126, 129, 133, 134, 135, 136, 141, 142, 144, 149, 151, 154, 157, 163, 164, 165, 167, 168, 169, 170, 171, 175, 179, 180, 181, 188, 195, 197, 198, 201, 202, 203, 205, 207, 208, 209, 210, 211, 212, 215, 222, 223, 225, 226, 229, 231, 233, 234, 235, 236, 237, 238, 239, 240, 242, 243, 245, 246, 247, 248, 251, 255, 256, 259, 263, 265, 268, 269]"
statlog,44,256,statlog_Q001,"[0, 1, 2, 3, 4, 5, 6, 7, 8, 9, 10, 12, 13, 14, 15, 16, 17, 18, 19, 21, 22, 23, 24, 25, 26, 27, 28, 29, 30, 31, 32, 33, 34, 35, 36, 37, 38, 39, 40, 41, 42, 43, 44, 45, 46, 47, 48, 49, 50, 51, 52, 53, 54, 55, 56, 58, 59, 60, 61, 62, 63, 64, 66, 67, 69, 70, 71, 72, 73, 74, 75, 76, 77, 78, 79, 80, 81, 83, 84, 85, 86, 87, 89, 90, 91, 92, 93, 94, 95, 96, 97, 98, 99, 100, 101, 102, 103, 104, 105, 106, 107, 108, 109, 110, 111, 112, 113, 114, 115, 116, 118, 119, 120, 121, 122, 123, 124, 125, 126, 127, 128, 129, 130, 131, 132, 133, 134, 135, 137, 138, 139, 140, 141, 142, 143, 144, 145, 146, 147, 148, 149, 150, 151, 152, 154, 155, 156, 157, 158, 159, 161, 162, 163, 164, 165, 166, 167, 168, 169, 170, 171, 172, 173, 174, 175, 176, 177, 178, 179, 180, 181, 182, 183, 184, 185, 186, 187, 188, 189, 190, 191, 192, 193, 194, 195, 196, 197, 198, 199, 200, 201, 203, 204, 205, 206, 207, 208, 209, 210, 211, 212, 213, 214, 215, 216, 217, 218, 219, 220, 221, 222, 223, 224, 225, 226, 227, 228, 229, 230, 232, 233, 234, 235, 236, 237, 238, 239, 240, 241, 242, 243, 244, 245, 246, 247, 248, 249, 250, 251, 252, 253, 254, 255, 256, 257, 258, 259, 260, 261, 262, 263, 264, 265, 266, 267, 268]"
statlog,55,8,statlog_Q001,"[46, 127, 171, 208, 213, 218, 226, 245]"
statlog,55,16,statlog_Q001,"[0, 22, 36, 44, 123, 136, 153, 154, 158, 167, 176, 203, 207, 213, 223, 239]"
statlog,55,32,statlog_Q001,"[0, 21, 32, 34, 42, 54, 58, 87, 105, 115, 118, 133, 144, 145, 149, 153, 155, 156, 163, 166, 170, 172, 183, 191, 196, 201, 211, 221, 222, 225, 242, 265]"
statlog,55,64,statlog_Q001,"[0, 18, 28, 30, 36, 39, 44, 47, 51, 56, 64, 68, 72, 77, 81, 82, 92, 95, 100, 104, 113, 124, 126, 129, 133, 134, 136, 137, 141, 143, 144, 145, 149, 150, 156, 157, 159, 160, 163, 166, 167, 169, 172, 175, 177, 184, 185, 193, 195, 211, 221, 224, 228, 231, 241, 243, 247, 248, 254, 255, 263, 266, 268, 269]"
statlog,55,128,statlog_Q001,"[0, 6, 12, 15, 18, 20, 21, 25, 29, 32, 33, 34, 37, 38, 41, 42, 44, 46, 47, 48, 49, 51, 52, 54, 55, 56, 57, 59, 60, 61, 66, 67, 68, 69, 71, 73, 74, 75, 78, 79, 82, 84, 87, 89, 90, 93, 94, 95, 96, 97, 99, 101, 102, 103, 105, 106, 110, 113, 115, 116, 117, 118, 119, 121, 122, 125, 126, 131, 133, 135, 136, 137, 142, 149, 150, 159, 166, 167, 171, 172, 173, 174, 175, 176, 177, 178, 181, 182, 183, 186, 187, 188, 191, 193, 197, 201, 202, 206, 207, 209, 210, 211, 212, 213, 214, 215, 218, 219, 220, 221, 223, 224, 225, 226, 230, 234, 237, 238, 240, 241, 243, 249, 252, 256, 257, 262, 264, 265]"
statlog,55,256,statlog_Q001,"[0, 1, 2, 3, 4, 5, 6, 7, 8, 9, 10, 11, 12, 13, 14, 15, 16, 17, 18, 19, 20, 21, 22, 23, 24, 25, 26, 28, 29, 30, 31, 32, 33, 34, 35, 36, 37, 38, 39, 40, 41, 42, 43, 44, 45, 46, 47, 48, 49, 50, 51, 52, 53, 54, 55, 56, 57, 59, 60, 61, 62, 63, 64, 65, 66, 68, 69, 70, 71, 72, 73, 74, 75, 76, 77, 78, 79, 80, 81, 82, 83, 84, 85, 86, 87, 88, 89, 90, 92, 93, 94, 95, 96, 97, 98, 99, 100, 102, 104, 105, 106, 107, 108, 109, 110, 111, 112, 113, 114, 115, 116, 117, 118, 119, 120, 121, 122, 123, 124, 125, 126, 127, 128, 130, 131, 132, 133, 134, 135, 136, 137, 138, 139, 140, 141, 143, 144, 146, 148, 149, 151, 152, 153, 154, 155, 156, 157, 158, 159, 160, 161, 162, 163, 164, 165, 166, 167, 168, 169, 170, 171, 172, 173, 174, 175, 176, 177, 179, 180, 181, 182, 183, 184, 185, 186, 187, 188, 189, 190, 191, 192, 193, 194, 195, 196, 197, 198, 199, 200, 201, 202, 203, 204, 205, 206, 207, 208, 209, 210, 211, 212, 213, 214, 215, 216, 217, 218, 219, 220, 221, 222, 223, 224, 225, 226, 227, 228, 229, 230, 231, 232, 234, 235, 236, 237, 238, 239, 240, 241, 242, 243, 244, 245, 246, 247, 248, 249, 250, 251, 252, 253, 254, 255, 257, 258, 259, 260, 261, 262, 263, 264, 265, 266, 267, 268, 269]"
statlog,11,8,statlog_Q002,"[9, 13, 23, 40, 62, 92, 150, 172]"
statlog,11,16,statlog_Q002,"[9, 13, 18, 22, 36, 39, 60, 89, 123, 146, 163, 167, 184, 212, 240, 267]"
statlog,11,32,statlog_Q002,"[5, 9, 12, 15, 17, 21, 22, 30, 34, 37, 40, 48, 57, 75, 79, 81, 84, 87, 109, 115, 137, 153, 157, 161, 164, 174, 200, 213, 240, 252, 255, 256]"
statlog,11,64,statlog_Q002,"[4, 9, 11, 13, 14, 15, 16, 18, 19, 26, 30, 32, 35, 36, 38, 42, 46, 49, 51, 52, 59, 66, 70, 72, 73, 74, 76, 81, 89, 96, 100, 102, 109, 119, 131, 134, 137, 140, 143, 150, 154, 155, 161, 164, 173, 175, 187, 188, 204, 219, 222, 223, 226, 227, 229, 236, 239, 240, 243, 244, 259, 261, 265, 268]"
statlog,11,128,statlog_Q002,"[3, 6, 7, 8, 9, 10, 12, 13, 14, 19, 21, 22, 26, 29, 30, 33, 34, 35, 36, 37, 39, 41, 43, 44, 46, 48, 50, 51, 52, 53, 54, 55, 57, 59, 60, 63, 65, 66, 68, 70, 71, 74, 75, 76, 78, 83, 84, 93, 95, 97, 99, 101, 102, 103, 105, 106, 114, 115, 119, 120, 123, 127, 128, 129, 130, 136, 138, 139, 141, 145, 152, 155, 156, 158, 160, 161, 162, 164, 165, 167, 168, 169, 172, 176, 177, 178, 179, 180, 181, 182, 185, 187, 190, 193, 196, 197, 198, 199, 201, 202, 203, 205, 207, 208, 212, 214, 216, 218, 219, 223, 226, 230, 234, 235, 237, 239, 240, 245, 247, 248, 250, 252, 257, 259, 260, 265, 266, 268]"
statlog,11,256,statlog_Q002,"[0, 1, 2, 3, 4, 5, 6, 8, 9, 10, 11, 12, 13, 14, 15, 16, 17, 18, 19, 21, 22, 23, 24, 25, 26, 28, 29, 30, 31, 32, 33, 34, 35, 36, 37, 38, 39, 40, 41, 43, 45, 46, 47, 48, 49, 50, 51, 53, 54, 55, 56, 57, 58, 59, 60, 61, 62, 63, 64, 65, 66, 67, 68, 69, 70, 71, 72, 73, 75, 76, 79, 80, 81, 82, 83, 84, 85, 86, 87, 88, 89, 90, 91, 92, 93, 94, 95, 96, 97, 98, 99, 100, 101, 102, 103, 104, 105, 106, 107, 108, 109, 111, 112, 113, 114, 115, 116, 117, 118, 119, 120, 121, 122, 123, 124, 125, 126, 127, 128, 129, 130, 131, 132, 133, 134, 135, 136, 137, 138, 139, 140, 141, 142, 143, 144, 145, 146, 147, 148, 149, 150, 151, 152, 153, 154, 155, 156, 157, 159, 160, 161, 162, 163, 164, 165, 166, 167, 168, 169, 170, 171, 172, 173, 174, 175, 176, 177, 178, 179, 180, 181, 182, 183, 184, 185, 186, 187, 188, 189, 190, 191, 192, 193, 194, 195, 196, 197, 198, 199, 200, 201, 202, 203, 204, 205, 206, 207, 208, 209, 210, 211, 213, 214, 215, 216, 217, 218, 219, 220, 221, 222, 223, 224, 225, 226, 228, 229, 230, 231, 232, 234, 235, 236, 237, 238, 239, 240, 241, 242, 243, 244, 245, 246, 247, 248, 249, 250, 251, 252, 253, 254, 255, 256, 257, 258, 259, 260, 261, 262, 263, 264, 265, 266, 267, 268, 269]"
statlog,22,8,statlog_Q002,"[9, 26, 47, 74, 79, 82, 94, 127]"
statlog,22,16,statlog_Q002,"[9, 26, 33, 45, 51, 59, 69, 72, 76, 80, 91, 123, 153, 161, 222, 269]"
statlog,22,32,statlog_Q002,"[9, 20, 24, 31, 42, 48, 49, 54, 57, 64, 66, 69, 73, 76, 87, 117, 125, 143, 145, 152, 169, 172, 174, 178, 205, 209, 216, 246, 247, 254, 256, 265]"
statlog,22,64,statlog_Q002,"[0, 1, 4, 5, 9, 10, 17, 21, 27, 28, 29, 37, 41, 42, 46, 48, 50, 56, 57, 60, 63, 65, 66, 75, 85, 101, 104, 109, 110, 112, 121, 126, 129, 133, 139, 142, 148, 149, 150, 152, 153, 157, 180, 182, 190, 193, 195, 202, 209, 212, 213, 215, 216, 223, 230, 236, 240, 242, 245, 249, 251, 254, 255, 256]"
statlog,22,128,statlog_Q002,"[0, 1, 3, 4, 5, 7, 9, 10, 11, 13, 15, 16, 17, 19, 20, 21, 25, 26, 27, 30, 31, 32, 33, 34, 35, 40, 41, 43, 45, 46, 48, 53, 56, 57, 65, 66, 71, 73, 75, 77, 78, 80, 81, 82, 83, 85, 87, 89, 90, 92, 94, 95, 96, 97, 102, 105, 106, 107, 110, 113, 114, 115, 116, 123, 124, 128, 129, 132, 136, 137, 138, 141, 149, 152, 156, 158, 159, 160, 161, 162, 164, 166, 167, 169, 170, 176, 177, 178, 182, 185, 187, 189, 194, 195, 196, 198, 201, 202, 206, 207, 211, 212, 213, 216, 217, 220, 225, 226, 230, 231, 233, 235, 236, 237, 238, 240, 242, 243, 244, 246, 250, 251, 253, 254, 256, 258, 264, 265]"
statlog,22,256,statlog_Q002,"[0, 1, 2, 3, 4, 5, 6, 7, 8, 9, 10, 11, 12, 13, 14, 15, 16, 17, 18, 19, 20, 21, 22, 23, 24, 25, 26, 27, 28, 29, 30, 31, 32, 33, 34, 35, 36, 37, 38, 39, 40, 41, 42, 43, 44, 45, 46, 47, 48, 49, 50, 51, 52, 53, 54, 55, 56, 57, 58, 59, 60, 61, 62, 63, 64, 65, 66, 67, 68, 69, 70, 71, 72, 73, 74, 75, 76, 78, 80, 81, 82, 83, 84, 85, 86, 87, 88, 89, 90, 91, 92, 93, 94, 95, 96, 97, 98, 99, 100, 102, 103, 104, 105, 106, 107, 108, 109, 110, 111, 113, 114, 115, 116, 117, 118, 119, 120, 121, 122, 123, 124, 125, 126, 127, 128, 129, 130, 131, 132, 133, 134, 135, 136, 137, 139, 140, 141, 142, 143, 144, 145, 146, 147, 148, 149, 150, 151, 152, 153, 155, 156, 157, 158, 159, 160, 161, 162, 163, 164, 165, 166, 167, 168, 169, 170, 171, 173, 174, 175, 176, 177, 178, 180, 181, 182, 183, 184, 185, 186, 187, 188, 189, 190, 191, 192, 193, 194, 195, 196, 197, 198, 199, 200, 201, 203, 204, 205, 206, 207, 208, 209, 210, 211, 212, 213, 214, 215, 216, 217, 218, 219, 221, 222, 224, 225, 226, 227, 228, 230, 231, 232, 233, 234, 235, 237, 238, 239, 240, 241, 242, 243, 245, 246, 247, 248, 249, 250, 251, 252, 253, 254, 255, 256, 257, 258, 259, 260, 261, 262, 263, 264, 265, 266, 267, 268, 269]"
statlog,33,8,statlog_Q002,"[79, 108, 110, 148, 221, 242, 256, 267]"
statlog,33,16,statlog_Q002,"[11, 22, 76, 104, 107, 144, 164, 210, 211, 214, 230, 236, 256, 258, 260, 266]"
statlog,33,32,statlog_Q002,"[10, 18, 20, 45, 64, 71, 85, 98, 100, 109, 132, 135, 147, 154, 155, 174, 189, 195, 197, 199, 202, 210, 221, 226, 241, 243, 247, 250, 253, 255, 261, 263]"
statlog,33,64,statlog_Q002,"[9, 15, 16, 18, 20, 27, 34, 35, 39, 47, 53, 54, 57, 58, 61, 62, 75, 79, 85, 87, 96, 98, 108, 116, 117, 122, 126, 129, 135, 136, 138, 144, 152, 154, 164, 166, 170, 171, 172, 173, 174, 176, 183, 189, 192, 198, 201, 206, 210, 211, 217, 220, 221, 226, 227, 229, 238, 244, 247, 252, 255, 256, 258, 266]"
statlog,33,128,statlog_Q002,"[1, 3, 6, 11, 12, 14, 16, 18, 20, 21, 25, 26, 28, 29, 31, 33, 34, 36, 37, 40, 41, 42, 45, 47, 49, 51, 54, 58, 59, 60, 61, 62, 63, 69, 72, 73, 74, 75, 80, 81, 82, 84, 88, 90, 91, 92, 94, 95, 99, 101, 102, 105, 106, 108, 109, 111, 114, 120, 121, 122, 124, 127, 129, 130, 131, 132, 133, 136, 141, 142, 145, 147, 149, 151, 152, 154, 155, 157, 160, 161, 165, 166, 168, 169, 172, 173, 174, 176, 177, 183, 186, 187, 188, 189, 194, 195, 196, 197, 200, 203, 205, 210, 211, 213, 214, 215, 217, 220, 222, 223, 226, 227, 228, 230, 231, 232, 233, 236, 244, 247, 250, 252, 255, 257, 258, 260, 264, 268]"
statlog,33,256,statlog_Q002,"[0, 1, 2, 3, 4, 5, 7, 8, 9, 10, 11, 12, 13, 14, 15, 16, 17, 18, 19, 20, 21, 22, 23, 24, 25, 26, 27, 28, 29, 30, 31, 32, 33, 34, 35, 36, 37, 38, 39, 40, 42, 43, 44, 45, 46, 47, 48, 49, 50, 51, 52, 53, 54, 55, 56, 57, 58, 59, 60, 61, 62, 63, 64, 65, 66, 67, 68, 69, 70, 71, 72, 73, 74, 75, 76, 77, 78, 79, 80, 81, 82, 83, 85, 86, 87, 88, 89, 90, 91, 92, 93, 94, 97, 98, 99, 100, 101, 102, 104, 105, 106, 107, 108, 109, 110, 111, 112, 114, 116, 117, 118, 119, 120, 121, 122, 123, 124, 125, 126, 127, 128, 129, 130, 132, 133, 134, 135, 136, 137, 138, 139, 140, 141, 142, 143, 144, 145, 146, 147, 148, 149, 150, 151, 152, 153, 154, 155, 156, 157, 158, 160, 161, 162, 163, 164, 165, 166, 167, 168, 169, 170, 171, 172, 173, 174, 175, 176, 177, 178, 179, 180, 181, 182, 183, 184, 185, 187, 188, 189, 190, 191, 193, 194, 195, 196, 197, 198, 199, 200, 201, 202, 203, 204, 205, 206, 207, 208, 209, 210, 211, 212, 213, 214, 215, 216, 217, 218, 219, 220, 221, 222, 223, 224, 225, 226, 227, 228, 229, 230, 231, 232, 233, 234, 236, 237, 239, 240, 241, 242, 243, 244, 245, 246, 247, 248, 249, 250, 251, 252, 253, 254, 255, 256, 257, 258, 259, 260, 261, 262, 263, 264, 265, 266, 267, 268, 269]"
statlog,44,8,statlog_Q002,"[47, 49, 72, 109, 161, 185, 241, 262]"
statlog,44,16,statlog_Q002,"[17, 40, 45, 47, 70, 95, 105, 115, 136, 179, 234, 246, 247, 249, 255, 263]"
statlog,44,32,statlog_Q002,"[16, 37, 42, 44, 45, 53, 66, 74, 81, 88, 89, 99, 103, 108, 133, 134, 136, 146, 152, 161, 169, 208, 213, 214, 220, 232, 234, 235, 239, 240, 248, 260]"
statlog,44,64,statlog_Q002,"[5, 13, 14, 16, 33, 35, 37, 38, 40, 46, 47, 49, 55, 57, 62, 65, 71, 76, 77, 82, 86, 90, 92, 95, 101, 104, 117, 122, 127, 128, 132, 136, 143, 146, 161, 166, 180, 182, 187, 188, 189, 191, 202, 204, 207, 208, 210, 216, 229, 233, 235, 239, 240, 243, 251, 255, 257, 258, 262, 264, 265, 267, 268, 269]"
statlog,44,128,statlog_Q002,"[0, 1, 2, 4, 8, 9, 10, 12, 23, 25, 26, 28, 33, 35, 36, 37, 39, 40, 41, 42, 43, 45, 46, 50, 51, 54, 55, 56, 59, 60, 64, 66, 67, 68, 70, 72, 74, 78, 79, 80, 85, 88, 90, 92, 94, 95, 96, 99, 100, 103, 105, 110, 111, 112, 113, 118, 120, 122, 126, 128, 132, 135, 136, 137, 140, 141, 142, 143, 144, 145, 149, 150, 151, 152, 153, 160, 161, 171, 172, 175, 176, 177, 178, 183, 185, 186, 187, 189, 190, 192, 194, 199, 200, 201, 203, 206, 207, 209, 213, 214, 215, 218, 220, 221, 223, 224, 225, 226, 228, 231, 232, 233, 234, 236, 238, 240, 246, 247, 251, 256, 260, 261, 262, 264, 265, 266, 268, 269]"
statlog,44,256,statlog_Q002,"[0, 1, 2, 3, 4, 5, 6, 7, 8, 9, 10, 11, 12, 13, 14, 15, 16, 17, 18, 19, 20, 21, 22, 23, 24, 25, 26, 28, 29, 30, 31, 32, 33, 34, 35, 36, 37, 38, 39, 40, 41, 42, 43, 44, 45, 46, 47, 48, 49, 50, 51, 52, 53, 54, 55, 56, 57, 58, 59, 60, 61, 62, 63, 64, 65, 66, 67, 68, 69, 70, 72, 73, 74, 75, 76, 77, 78, 79, 80, 81, 82, 83, 84, 85, 86, 87, 88, 89, 90, 91, 92, 93, 94, 95, 96, 97, 98, 99, 100, 101, 102, 103, 104, 105, 106, 107, 108, 109, 110, 111, 112, 113, 115, 117, 118, 119, 120, 121, 122, 123, 124, 125, 126, 127, 128, 129, 130, 131, 132, 134, 135, 136, 137, 138, 139, 140, 141, 142, 143, 145, 146, 147, 148, 150, 151, 152, 153, 154, 155, 156, 157, 158, 159, 160, 161, 162, 163, 164, 165, 166, 167, 168, 169, 170, 171, 172, 173, 175, 176, 177, 178, 179, 180, 181, 182, 183, 184, 185, 187, 188, 189, 190, 191, 192, 193, 194, 195, 196, 197, 198, 199, 200, 201, 202, 203, 204, 206, 207, 208, 209, 210, 211, 212, 214, 215, 216, 217, 218, 219, 220, 221, 222, 223, 224, 225, 226, 227, 229, 230, 231, 232, 233, 234, 235, 236, 237, 238, 239, 240, 241, 242, 243, 244, 245, 246, 247, 248, 250, 251, 252, 253, 254, 255, 257, 258, 259, 260, 261, 262, 263, 264, 265, 266, 267, 268, 269]"
statlog,55,8,statlog_Q002,"[37, 55, 95, 127, 182, 195, 196, 247]"
statlog,55,16,statlog_Q002,"[14, 32, 36, 45, 53, 63, 93, 116, 124, 131, 144, 161, 178, 190, 191, 247]"
statlog,55,32,statlog_Q002,"[9, 10, 13, 15, 30, 33, 42, 46, 50, 56, 59, 74, 87, 90, 106, 109, 116, 123, 136, 161, 167, 170, 178, 180, 182, 189, 197, 198, 224, 240, 259, 261]"
statlog,55,64,statlog_Q002,"[3, 8, 11, 13, 26, 27, 29, 37, 41, 43, 49, 51, 54, 60, 64, 65, 70, 75, 79, 93, 95, 100, 102, 105, 107, 110, 112, 118, 131, 132, 136, 144, 146, 148, 154, 155, 159, 161, 163, 164, 168, 172, 173, 184, 189, 191, 195, 196, 197, 211, 220, 221, 222, 226, 227, 228, 230, 233, 236, 240, 245, 262, 265, 267]"
statlog,55,128,statlog_Q002,"[2, 4, 5, 6, 8, 9, 11, 12, 18, 19, 20, 23, 26, 29, 30, 35, 36, 37, 40, 45, 47, 48, 49, 51, 53, 57, 59, 60, 63, 66, 67, 69, 75, 76, 78, 81, 82, 83, 84, 87, 90, 96, 97, 98, 99, 100, 101, 102, 103, 105, 107, 108, 113, 115, 122, 123, 124, 125, 126, 128, 129, 130, 137, 138, 139, 142, 145, 146, 149, 152, 157, 158, 160, 161, 162, 163, 164, 165, 167, 168, 169, 170, 171, 173, 174, 179, 182, 183, 184, 187, 188, 189, 198, 201, 205, 206, 207, 208, 209, 210, 211, 213, 215, 216, 217, 218, 224, 229, 230, 231, 233, 236, 238, 239, 240, 241, 242, 244, 245, 249, 253, 255, 257, 258, 261, 262, 264, 265]"
statlog,55,256,statlog_Q002,"[0, 1, 2, 3, 4, 5, 6, 7, 8, 9, 10, 11, 12, 13, 14, 15, 16, 17, 18, 19, 20, 21, 22, 23, 24, 25, 26, 27, 28, 29, 30, 31, 32, 34, 36, 37, 39, 40, 41, 42, 43, 44, 45, 46, 47, 48, 49, 50, 51, 52, 53, 54, 55, 56, 57, 58, 59, 60, 61, 62, 63, 64, 65, 66, 67, 68, 69, 70, 71, 72, 73, 74, 75, 76, 77, 78, 79, 81, 82, 84, 85, 86, 87, 88, 89, 90, 91, 92, 93, 94, 95, 96, 97, 98, 99, 100, 101, 102, 103, 104, 105, 106, 107, 108, 109, 110, 111, 112, 113, 114, 115, 116, 117, 118, 119, 120, 121, 122, 123, 124, 125, 126, 127, 128, 129, 131, 132, 133, 134, 135, 136, 137, 138, 139, 140, 141, 142, 143, 144, 145, 146, 147, 148, 149, 150, 151, 152, 153, 154, 155, 156, 157, 158, 159, 160, 161, 162, 163, 164, 165, 166, 167, 168, 169, 170, 171, 172, 173, 175, 176, 177, 179, 180, 181, 182, 183, 184, 185, 186, 187, 188, 189, 190, 191, 192, 193, 194, 195, 196, 197, 198, 199, 201, 202, 203, 204, 206, 207, 208, 209, 210, 211, 212, 213, 214, 216, 217, 218, 219, 220, 221, 222, 223, 224, 225, 226, 227, 228, 229, 231, 232, 233, 234, 235, 236, 237, 238, 239, 240, 241, 242, 243, 244, 245, 246, 247, 249, 250, 251, 252, 253, 254, 255, 256, 257, 258, 259, 261, 262, 263, 264, 265, 266, 267, 268, 269]"
statlog,11,8,statlog_Q003,"[12, 22, 39, 57, 62, 92, 150, 172]"
statlog,11,16,statlog_Q003,"[12, 17, 21, 35, 38, 57, 60, 89, 119, 124, 147, 164, 168, 185, 213, 267]"
statlog,11,32,statlog_Q003,"[5, 11, 14, 16, 20, 21, 29, 33, 36, 39, 47, 56, 57, 75, 79, 81, 84, 87, 103, 110, 116, 119, 139, 155, 159, 165, 175, 201, 214, 252, 255, 256]"
statlog,11,64,statlog_Q003,"[4, 10, 12, 13, 14, 15, 17, 18, 25, 29, 31, 34, 35, 37, 41, 45, 48, 50, 51, 57, 59, 66, 70, 72, 73, 74, 76, 81, 89, 96, 100, 102, 103, 110, 119, 121, 133, 136, 139, 142, 145, 152, 156, 157, 165, 174, 176, 188, 189, 205, 220, 223, 224, 227, 228, 230, 237, 240, 243, 244, 259, 261, 265, 268]"
statlog,11,128,statlog_Q003,"[3, 6, 7, 8, 9, 11, 12, 13, 18, 20, 21, 25, 28, 29, 32, 33, 34, 35, 36, 38, 40, 42, 43, 45, 47, 49, 50, 51, 52, 53, 54, 56, 57, 59, 60, 63, 65, 66, 68, 70, 71, 74, 75, 76, 78, 83, 84, 93, 95, 97, 99, 101, 102, 103, 104, 106, 107, 115, 116, 119, 121, 122, 125, 129, 130, 131, 132, 138, 140, 141, 143, 147, 154, 157, 158, 160, 162, 163, 165, 166, 168, 169, 170, 173, 177, 178, 179, 180, 181, 182, 183, 186, 188, 191, 194, 197, 198, 199, 200, 202, 203, 204, 206, 208, 209, 213, 215, 217, 219, 220, 224, 227, 231, 235, 236, 238, 240, 245, 247, 248, 250, 252, 257, 259, 260, 265, 266, 268]"
statlog,11,256,statlog_Q003,"[0, 1, 2, 3, 4, 5, 6, 8, 9, 10, 11, 12, 13, 14, 15, 16, 17, 18, 20, 21, 22, 23, 24, 25, 27, 28, 29, 30, 31, 32, 33, 34, 35, 36, 37, 38, 39, 40, 42, 44, 45, 46, 47, 48, 49, 50, 52, 53, 54, 55, 56, 57, 58, 59, 60, 61, 62, 63, 64, 65, 66, 67, 68, 69, 70, 71, 72, 73, 75, 76, 79, 80, 81, 82, 83, 84, 85, 86, 87, 88, 89, 90, 91, 92, 93, 94, 95, 96, 97, 98, 99, 100, 101, 102, 103, 104, 105, 106, 107, 108, 109, 110, 112, 113, 114, 115, 116, 117, 118, 119, 120, 121, 122, 123, 124, 125, 126, 127, 128, 129, 130, 131, 132, 133, 134, 135, 136, 137, 138, 139, 140, 141, 142, 143, 144, 145, 146, 147, 148, 149, 150, 151, 152, 153, 154, 155, 156, 157, 158, 159, 161, 162, 163, 164, 165, 166, 167, 168, 169, 170, 171, 172, 173, 174, 175, 176, 177, 178, 179, 180, 181, 182, 183, 184, 185, 186, 187, 188, 189, 190, 191, 192, 193, 194, 195, 196, 197, 198, 199, 200, 201, 202, 203, 204, 205, 206, 207, 208, 209, 210, 211, 212, 214, 215, 216, 217, 218, 219, 220, 221, 222, 223, 224, 225, 226, 227, 229, 230, 231, 232, 233, 235, 236, 237, 238, 239, 240, 241, 242, 243, 244, 245, 246, 247, 248, 249, 250, 251, 252, 253, 254, 255, 256, 257, 258, 259, 260, 261, 262, 263, 264, 265, 266, 267, 268, 269]"
statlog,22,8,statlog_Q003,"[25, 46, 57, 74, 79, 82, 94, 127]"
statlog,22,16,statlog_Q003,"[25, 32, 44, 50, 57, 59, 69, 72, 76, 80, 91, 123, 153, 161, 175, 223]"
statlog,22,32,statlog_Q003,"[19, 23, 30, 41, 47, 52, 55, 57, 63, 65, 68, 72, 75, 86, 116, 119, 125, 143, 145, 152, 169, 172, 174, 175, 179, 206, 210, 217, 247, 248, 255, 265]"
statlog,22,64,statlog_Q003,"[0, 1, 4, 5, 9, 16, 20, 26, 27, 28, 36, 40, 41, 45, 48, 54, 55, 57, 59, 62, 64, 65, 74, 84, 100, 103, 108, 109, 111, 119, 121, 126, 129, 133, 139, 142, 148, 149, 150, 152, 153, 157, 175, 181, 183, 191, 194, 196, 203, 210, 213, 214, 216, 217, 224, 231, 237, 241, 243, 246, 250, 252, 255, 256]"
statlog,22,128,statlog_Q003,"[0, 1, 3, 4, 5, 7, 9, 10, 12, 14, 15, 16, 18, 19, 20, 24, 25, 26, 29, 30, 31, 32, 33, 34, 39, 40, 42, 44, 45, 51, 54, 55, 57, 64, 65, 70, 72, 74, 76, 77, 79, 80, 81, 82, 84, 86, 88, 89, 91, 93, 94, 95, 96, 101, 104, 105, 106, 109, 112, 113, 114, 115, 119, 123, 124, 128, 129, 132, 136, 137, 138, 141, 149, 152, 156, 158, 159, 160, 161, 162, 164, 166, 167, 169, 170, 175, 177, 178, 179, 183, 186, 188, 190, 195, 196, 197, 199, 202, 203, 207, 208, 212, 213, 214, 217, 218, 221, 226, 227, 231, 232, 234, 236, 237, 238, 239, 241, 243, 244, 245, 247, 251, 252, 254, 255, 258, 264, 265]"
statlog,22,256,statlog_Q003,"[0, 1, 2, 3, 4, 5, 6, 7, 8, 9, 10, 11, 12, 13, 14, 15, 16, 17, 18, 19, 20, 21, 22, 23, 24, 25, 26, 27, 28, 29, 30, 31, 32, 33, 34, 35, 36, 37, 38, 39, 40, 41, 42, 43, 44, 45, 46, 47, 48, 49, 50, 51, 52, 53, 54, 55, 56, 57, 58, 59, 60, 61, 62, 63, 64, 65, 66, 67, 68, 69, 70, 71, 72, 73, 74, 75, 77, 79, 80, 81, 82, 83, 84, 85, 86, 87, 88, 89, 90, 91, 92, 93, 94, 95, 96, 97, 98, 99, 101, 102, 103, 104, 105, 106, 107, 108, 109, 110, 112, 113, 114, 115, 116, 117, 118, 119, 120, 121, 122, 123, 124, 125, 126, 127, 128, 129, 130, 131, 132, 133, 134, 135, 136, 137, 139, 140, 141, 142, 143, 144, 145, 146, 147, 148, 149, 150, 151, 152, 153, 155, 156, 157, 158, 159, 160, 161, 162, 163, 164, 165, 166, 167, 168, 169, 170, 171, 173, 174, 175, 176, 177, 178, 179, 181, 182, 183, 184, 185, 186, 187, 188, 189, 190, 191, 192, 193, 194, 195, 196, 197, 198, 199, 200, 201, 202, 204, 205, 206, 207, 208, 209, 210, 211, 212, 213, 214, 215, 216, 217, 218, 219, 220, 222, 223, 225, 226, 227, 228, 229, 231, 232, 233, 234, 235, 236, 238, 239, 240, 241, 242, 243, 244, 246, 247, 248, 249, 250, 251, 252, 253, 254, 255, 256, 257, 258, 259, 260, 261, 262, 263, 264, 265, 266, 267, 268, 269]"
statlog,33,8,statlog_Q003,"[79, 108, 110, 148, 175, 222, 243, 267]"
statlog,33,16,statlog_Q003,"[11, 22, 76, 104, 107, 119, 145, 165, 175, 212, 213, 216, 237, 258, 260, 266]"
statlog,33,32,statlog_Q003,"[10, 18, 20, 45, 64, 71, 85, 98, 100, 103, 110, 119, 134, 137, 149, 156, 157, 175, 177, 197, 199, 201, 204, 212, 223, 228, 243, 245, 251, 254, 261, 263]"
statlog,33,64,statlog_Q003,"[9, 15, 16, 18, 20, 27, 34, 35, 39, 47, 53, 54, 57, 58, 61, 62, 75, 79, 85, 87, 96, 98, 103, 109, 117, 118, 119, 124, 128, 131, 137, 138, 140, 146, 154, 156, 166, 168, 172, 173, 174, 175, 176, 177, 179, 186, 194, 200, 203, 208, 212, 213, 219, 222, 223, 228, 229, 231, 240, 246, 253, 256, 258, 266]"
statlog,33,128,statlog_Q003,"[1, 3, 6, 11, 12, 14, 16, 18, 20, 21, 25, 26, 28, 29, 31, 33, 34, 36, 37, 40, 41, 42, 45, 47, 49, 51, 54, 58, 59, 60, 61, 62, 63, 69, 72, 73, 74, 75, 80, 81, 82, 84, 88, 90, 91, 92, 94, 95, 99, 101, 102, 103, 106, 107, 109, 110, 112, 115, 119, 122, 123, 124, 126, 129, 131, 132, 133, 134, 135, 138, 143, 144, 147, 149, 151, 153, 154, 156, 157, 159, 162, 163, 167, 168, 170, 171, 174, 175, 176, 177, 179, 180, 186, 189, 190, 191, 196, 197, 198, 199, 202, 205, 207, 212, 213, 215, 216, 217, 219, 222, 224, 225, 228, 229, 230, 232, 233, 234, 235, 238, 246, 251, 253, 257, 258, 260, 264, 268]"
statlog,33,256,statlog_Q003,"[0, 1, 2, 3, 4, 5, 7, 8, 9, 10, 11, 12, 13, 14, 15, 16, 17, 18, 19, 20, 21, 22, 23, 24, 25, 26, 27, 28, 29, 30, 31, 32, 33, 34, 35, 36, 37, 38, 39, 40, 42, 43, 44, 45, 46, 47, 48, 49, 50, 51, 52, 53, 54, 55, 56, 57, 58, 59, 60, 61, 62, 63, 64, 65, 66, 67, 68, 69, 70, 71, 72, 73, 74, 75, 76, 77, 78, 79, 80, 81, 82, 83, 85, 86, 87, 88, 89, 90, 91, 92, 93, 94, 97, 98, 99, 100, 101, 102, 103, 105, 106, 107, 108, 109, 110, 111, 112, 113, 115, 117, 118, 119, 120, 121, 122, 123, 124, 125, 126, 127, 128, 129, 130, 131, 132, 134, 135, 136, 137, 138, 139, 140, 141, 142, 143, 144, 145, 146, 147, 148, 149, 150, 151, 152, 153, 154, 155, 156, 157, 158, 159, 160, 162, 163, 164, 165, 166, 167, 168, 169, 170, 171, 172, 173, 174, 175, 176, 177, 178, 179, 180, 181, 182, 183, 184, 185, 186, 187, 188, 190, 191, 192, 193, 195, 196, 197, 198, 199, 200, 201, 202, 203, 204, 205, 206, 207, 208, 209, 210, 211, 212, 213, 214, 215, 216, 217, 218, 219, 220, 221, 222, 223, 224, 225, 226, 227, 228, 229, 230, 231, 232, 233, 234, 235, 236, 238, 239, 241, 242, 243, 244, 245, 246, 247, 248, 249, 250, 251, 252, 253, 254, 255, 256, 257, 258, 259, 260, 261, 262, 263, 264, 265, 266, 267, 268, 269]"
statlog,44,8,statlog_Q003,"[47, 49, 72, 103, 110, 185, 241, 262]"
statlog,44,16,statlog_Q003,"[17, 40, 45, 47, 70, 95, 103, 106, 116, 119, 180, 235, 247, 249, 255, 263]"
statlog,44,32,statlog_Q003,"[16, 37, 42, 44, 45, 53, 57, 67, 75, 82, 89, 90, 100, 103, 105, 110, 119, 136, 137, 148, 154, 170, 209, 214, 215, 221, 233, 235, 236, 240, 248, 260]"
statlog,44,64,statlog_Q003,"[5, 13, 14, 16, 33, 35, 37, 38, 40, 46, 47, 49, 55, 57, 58, 63, 66, 72, 77, 78, 83, 87, 91, 93, 96, 102, 103, 106, 119, 120, 125, 130, 131, 135, 145, 148, 167, 181, 183, 188, 189, 190, 192, 203, 205, 208, 209, 211, 217, 230, 234, 236, 240, 243, 251, 255, 257, 258, 262, 264, 265, 267, 268, 269]"
statlog,44,128,statlog_Q003,"[0, 1, 2, 4, 8, 9, 10, 12, 23, 25, 26, 28, 33, 35, 36, 37, 39, 40, 41, 42, 43, 45, 46, 50, 51, 54, 55, 56, 57, 60, 61, 65, 67, 68, 69, 71, 73, 75, 79, 80, 81, 86, 89, 91, 93, 95, 96, 97, 100, 101, 103, 105, 107, 112, 113, 114, 115, 119, 121, 123, 125, 129, 131, 135, 138, 139, 142, 143, 144, 145, 146, 147, 151, 152, 153, 154, 155, 162, 172, 173, 176, 177, 178, 179, 184, 186, 187, 188, 190, 191, 193, 195, 200, 201, 202, 204, 207, 208, 210, 214, 215, 216, 219, 221, 222, 224, 225, 226, 227, 229, 232, 233, 234, 235, 237, 239, 246, 247, 251, 256, 260, 261, 262, 264, 265, 266, 268, 269]"
statlog,44,256,statlog_Q003,"[0, 1, 2, 3, 4, 5, 6, 7, 8, 9, 10, 11, 12, 13, 14, 15, 16, 17, 18, 19, 20, 21, 22, 23, 24, 25, 26, 28, 29, 30, 31, 32, 33, 34, 35, 36, 37, 38, 39, 40, 41, 42, 43, 44, 45, 46, 47, 48, 49, 50, 51, 52, 53, 54, 55, 56, 57, 58, 59, 60, 61, 62, 63, 64, 65, 66, 67, 68, 69, 70, 71, 73, 74, 75, 76, 77, 78, 79, 80, 81, 82, 83, 84, 85, 86, 87, 88, 89, 90, 91, 92, 93, 94, 95, 96, 97, 98, 99, 100, 101, 102, 103, 104, 105, 106, 107, 108, 109, 110, 111, 112, 113, 114, 115, 117, 119, 120, 121, 122, 123, 124, 125, 126, 127, 128, 129, 130, 131, 132, 133, 134, 135, 137, 138, 139, 140, 141, 142, 143, 144, 145, 147, 148, 149, 150, 152, 153, 154, 155, 156, 157, 158, 159, 160, 161, 162, 163, 164, 165, 166, 167, 168, 169, 170, 171, 172, 173, 174, 176, 177, 178, 179, 180, 181, 182, 183, 184, 185, 186, 188, 189, 190, 191, 192, 193, 194, 195, 196, 197, 198, 199, 200, 201, 202, 203, 204, 205, 207, 208, 209, 210, 211, 212, 213, 215, 216, 217, 218, 219, 220, 221, 222, 223, 224, 225, 226, 227, 228, 230, 231, 232, 233, 234, 235, 236, 237, 238, 239, 240, 241, 242, 243, 244, 245, 246, 247, 248, 250, 251, 252, 253, 254, 255, 257, 258, 259, 260, 261, 262, 263, 264, 265, 266, 267, 268, 269]"
statlog,55,8,statlog_Q003,"[37, 55, 95, 127, 175, 183, 196, 197]"
statlog,55,16,statlog_Q003,"[14, 32, 36, 45, 53, 63, 93, 103, 117, 119, 126, 133, 146, 179, 191, 192]"
statlog,55,32,statlog_Q003,"[9, 10, 13, 15, 30, 33, 42, 46, 50, 56, 59, 74, 87, 90, 103, 107, 110, 117, 119, 125, 138, 168, 171, 175, 180, 182, 184, 198, 199, 225, 259, 261]"
statlog,55,64,statlog_Q003,"[3, 8, 11, 13, 26, 27, 29, 37, 41, 43, 49, 51, 54, 60, 64, 65, 70, 75, 79, 93, 95, 100, 102, 103, 106, 108, 111, 113, 119, 120, 133, 134, 138, 146, 148, 150, 156, 157, 161, 164, 165, 169, 173, 174, 175, 186, 192, 196, 197, 198, 212, 221, 222, 223, 227, 228, 229, 231, 234, 237, 245, 262, 265, 267]"
statlog,55,128,statlog_Q003,"[2, 4, 5, 6, 8, 9, 11, 12, 18, 19, 20, 23, 26, 29, 30, 35, 36, 37, 40, 45, 47, 48, 49, 51, 53, 57, 59, 60, 63, 66, 67, 69, 75, 76, 78, 81, 82, 83, 84, 87, 90, 96, 97, 98, 99, 100, 101, 102, 103, 104, 106, 108, 109, 114, 116, 119, 124, 125, 126, 127, 128, 130, 131, 132, 139, 140, 141, 144, 147, 148, 151, 154, 159, 160, 162, 163, 164, 165, 166, 168, 169, 170, 171, 172, 174, 175, 176, 181, 184, 185, 186, 189, 190, 199, 202, 206, 207, 208, 209, 210, 211, 212, 214, 216, 217, 218, 219, 225, 230, 231, 232, 234, 237, 239, 240, 241, 242, 244, 245, 249, 253, 255, 257, 258, 261, 262, 264, 265]"
statlog,55,256,statlog_Q003,"[0, 1, 2, 3, 4, 5, 6, 7, 8, 9, 10, 11, 12, 13, 14, 15, 16, 17, 18, 19, 20, 21, 22, 23, 24, 25, 26, 27, 28, 29, 30, 31, 32, 34, 36, 37, 39, 40, 41, 42, 43, 44, 45, 46, 47, 48, 49, 50, 51, 52, 53, 54, 55, 56, 57, 58, 59, 60, 61, 62, 63, 64, 65, 66, 67, 68, 69, 70, 71, 72, 73, 74, 75, 76, 77, 78, 79, 81, 82, 84, 85, 86, 87, 88, 89, 90, 91, 92, 93, 94, 95, 96, 97, 98, 99, 100, 101, 102, 103, 104, 105, 106, 107, 108, 109, 110, 111, 112, 113, 114, 115, 116, 117, 118, 119, 120, 121, 122, 123, 124, 125, 126, 127, 128, 129, 130, 131, 133, 134, 135, 136, 137, 138, 139, 140, 141, 142, 143, 144, 145, 146, 147, 148, 149, 150, 151, 152, 153, 154, 155, 156, 157, 158, 159, 160, 161, 162, 163, 164, 165, 166, 167, 168, 169, 170, 171, 172, 173, 174, 175, 177, 178, 179, 181, 182, 183, 184, 185, 186, 187, 188, 189, 190, 191, 192, 193, 194, 195, 196, 197, 198, 199, 200, 202, 203, 204, 205, 207, 208, 209, 210, 211, 212, 213, 214, 215, 217, 218, 219, 220, 221, 222, 223, 224, 225, 226, 227, 228, 229, 230, 232, 233, 234, 235, 236, 237, 238, 239, 240, 241, 242, 243, 244, 245, 246, 247, 249, 250, 251, 252, 253, 254, 255, 256, 257, 258, 259, 261, 262, 263, 264, 265, 266, 267, 268, 269]"
statlog,11,8,statlog_Q004,"[2, 30, 45, 48, 56, 194, 240, 268]"
statlog,11,16,statlog_Q004,"[2, 3, 29, 44, 48, 55, 92, 111, 124, 188, 197, 209, 233, 236, 260, 269]"
statlog,11,32,statlog_Q004,"[2, 3, 17, 24, 28, 37, 41, 48, 51, 83, 87, 91, 99, 104, 117, 144, 151, 168, 176, 184, 185, 189, 194, 198, 216, 219, 223, 243, 245, 255, 267, 269]"
statlog,11,64,statlog_Q004,"[2, 3, 9, 14, 15, 17, 18, 21, 23, 24, 32, 36, 43, 48, 63, 69, 73, 76, 79, 87, 88, 91, 96, 100, 102, 115, 116, 124, 125, 126, 129, 133, 138, 147, 149, 152, 153, 157, 161, 169, 170, 172, 177, 189, 190, 191, 194, 195, 210, 213, 221, 223, 225, 228, 237, 245, 246, 248, 261, 263, 264, 267, 268, 269]"
statlog,11,128,statlog_Q004,"[1, 2, 6, 9, 10, 11, 13, 14, 15, 16, 18, 22, 23, 24, 25, 26, 30, 31, 35, 38, 45, 47, 48, 49, 50, 53, 55, 57, 60, 62, 63, 64, 66, 68, 69, 72, 74, 79, 81, 82, 84, 86, 89, 91, 92, 93, 96, 97, 98, 101, 102, 106, 107, 109, 111, 112, 113, 115, 116, 118, 121, 122, 124, 126, 127, 132, 135, 136, 137, 138, 141, 142, 148, 153, 158, 159, 160, 161, 163, 165, 168, 170, 172, 174, 177, 181, 182, 183, 189, 190, 191, 193, 196, 199, 200, 201, 203, 204, 206, 209, 211, 212, 213, 220, 221, 224, 225, 227, 230, 231, 233, 234, 239, 241, 243, 244, 246, 247, 248, 251, 253, 254, 257, 258, 262, 264, 267, 269]"
statlog,11,256,statlog_Q004,"[0, 1, 2, 3, 4, 6, 7, 8, 9, 10, 11, 12, 13, 15, 16, 17, 18, 19, 20, 21, 22, 23, 24, 26, 27, 28, 29, 30, 31, 32, 33, 34, 35, 36, 37, 38, 39, 40, 42, 43, 44, 45, 46, 47, 48, 49, 50, 51, 52, 53, 54, 56, 57, 58, 59, 60, 61, 62, 63, 64, 65, 66, 67, 68, 70, 71, 72, 73, 75, 76, 77, 78, 79, 80, 81, 82, 83, 84, 85, 86, 87, 88, 89, 90, 92, 94, 95, 96, 97, 98, 99, 100, 101, 102, 103, 104, 105, 106, 107, 108, 109, 110, 111, 112, 113, 114, 115, 116, 117, 118, 119, 120, 121, 122, 123, 124, 125, 127, 128, 129, 130, 131, 132, 133, 134, 135, 136, 137, 139, 140, 141, 142, 143, 144, 145, 146, 147, 148, 149, 150, 151, 152, 153, 154, 155, 156, 157, 159, 160, 161, 162, 163, 164, 165, 166, 167, 168, 169, 170, 171, 172, 174, 175, 176, 177, 178, 179, 180, 181, 182, 183, 184, 185, 186, 187, 188, 189, 190, 191, 192, 193, 194, 195, 196, 197, 198, 199, 200, 201, 202, 203, 205, 206, 207, 208, 209, 210, 211, 212, 213, 214, 215, 216, 217, 218, 219, 220, 221, 222, 223, 224, 225, 226, 227, 228, 229, 230, 231, 232, 233, 234, 235, 236, 237, 238, 239, 240, 241, 242, 243, 244, 245, 246, 247, 248, 249, 250, 251, 252, 253, 254, 255, 256, 257, 258, 259, 260, 261, 262, 263, 264, 265, 266, 267, 268, 269]"
statlog,22,8,statlog_Q004,"[38, 48, 68, 112, 164, 171, 177, 183]"
statlog,22,16,statlog_Q004,"[20, 27, 36, 37, 41, 48, 56, 64, 66, 109, 144, 159, 166, 172, 178, 269]"
statlog,22,32,statlog_Q004,"[19, 25, 34, 39, 48, 52, 59, 60, 62, 100, 102, 107, 116, 122, 136, 149, 156, 161, 167, 185, 189, 191, 197, 198, 206, 210, 215, 239, 252, 256, 265, 269]"
statlog,22,64,statlog_Q004,"[13, 16, 20, 22, 29, 30, 34, 35, 45, 48, 52, 53, 54, 55, 66, 75, 87, 89, 91, 94, 100, 102, 104, 108, 118, 123, 129, 130, 131, 136, 138, 139, 140, 142, 145, 159, 162, 165, 167, 172, 173, 177, 179, 180, 183, 187, 188, 189, 196, 197, 209, 210, 221, 225, 226, 228, 233, 246, 248, 252, 261, 263, 265, 269]"
statlog,22,128,statlog_Q004,"[2, 8, 10, 11, 14, 15, 20, 21, 24, 26, 31, 34, 36, 37, 38, 39, 41, 48, 49, 51, 56, 57, 59, 62, 63, 65, 66, 67, 68, 70, 74, 75, 78, 82, 84, 87, 89, 90, 91, 95, 97, 98, 101, 103, 105, 107, 109, 111, 115, 116, 120, 121, 123, 124, 127, 128, 129, 130, 132, 133, 135, 136, 139, 141, 142, 143, 145, 147, 149, 150, 154, 155, 157, 159, 160, 162, 163, 165, 166, 167, 168, 170, 172, 173, 175, 176, 178, 179, 182, 185, 189, 190, 191, 194, 196, 199, 200, 201, 205, 206, 207, 213, 217, 218, 220, 222, 223, 224, 225, 231, 238, 239, 241, 243, 245, 246, 247, 249, 251, 255, 257, 260, 261, 262, 263, 265, 268, 269]"
statlog,22,256,statlog_Q004,"[0, 1, 2, 3, 4, 5, 6, 7, 8, 9, 10, 11, 12, 13, 14, 15, 16, 17, 18, 19, 21, 22, 23, 24, 25, 26, 27, 28, 29, 30, 31, 32, 33, 34, 35, 36, 37, 38, 39, 40, 41, 42, 43, 44, 46, 47, 48, 49, 50, 51, 52, 53, 55, 56, 57, 58, 59, 60, 61, 62, 63, 64, 65, 66, 68, 69, 70, 71, 72, 73, 74, 75, 76, 77, 78, 79, 80, 81, 82, 83, 84, 85, 86, 87, 88, 89, 90, 91, 92, 93, 94, 95, 96, 97, 98, 99, 101, 102, 103, 104, 105, 106, 107, 108, 109, 110, 111, 112, 113, 115, 116, 117, 118, 120, 121, 122, 123, 124, 125, 126, 127, 128, 129, 130, 131, 132, 133, 134, 135, 136, 137, 138, 139, 140, 141, 142, 143, 144, 145, 146, 147, 148, 149, 150, 151, 152, 153, 155, 156, 157, 158, 159, 160, 161, 162, 163, 164, 165, 166, 167, 168, 169, 170, 172, 173, 174, 175, 176, 177, 178, 180, 181, 182, 183, 184, 185, 186, 187, 188, 189, 190, 191, 192, 193, 194, 195, 196, 197, 198, 199, 200, 201, 202, 203, 204, 205, 206, 207, 208, 209, 210, 211, 212, 213, 214, 215, 216, 217, 218, 219, 220, 221, 222, 223, 224, 226, 227, 228, 229, 230, 231, 232, 233, 235, 236, 237, 238, 239, 240, 241, 242, 243, 244, 245, 246, 248, 249, 250, 251, 252, 253, 254, 255, 256, 257, 258, 259, 261, 262, 263, 264, 265, 266, 267, 268, 269]"
statlog,33,8,statlog_Q004,"[57, 65, 71, 97, 159, 236, 254, 269]"
statlog,33,16,statlog_Q004,"[7, 41, 55, 63, 69, 80, 94, 154, 161, 188, 189, 210, 213, 230, 248, 269]"
statlog,33,32,statlog_Q004,"[6, 15, 18, 21, 28, 38, 45, 48, 53, 61, 64, 65, 71, 73, 76, 89, 109, 138, 146, 152, 169, 177, 178, 187, 189, 198, 202, 217, 227, 233, 262, 269]"
statlog,33,64,statlog_Q004,"[0, 5, 6, 13, 16, 18, 19, 21, 25, 32, 33, 39, 45, 48, 53, 55, 57, 62, 63, 65, 67, 74, 77, 79, 95, 118, 121, 126, 127, 128, 131, 133, 134, 143, 144, 147, 148, 154, 155, 164, 171, 175, 184, 186, 187, 189, 192, 193, 199, 203, 213, 216, 221, 231, 232, 234, 237, 240, 245, 246, 247, 262, 267, 269]"
statlog,33,128,statlog_Q004,"[0, 3, 4, 7, 9, 11, 13, 16, 18, 22, 23, 24, 25, 28, 31, 34, 36, 37, 38, 40, 41, 44, 45, 46, 47, 48, 52, 54, 56, 60, 61, 62, 68, 70, 74, 79, 82, 86, 87, 88, 93, 94, 95, 96, 97, 101, 103, 106, 107, 108, 109, 112, 113, 114, 115, 116, 120, 122, 123, 130, 131, 135, 137, 139, 140, 142, 143, 144, 154, 156, 157, 158, 162, 163, 164, 165, 170, 171, 173, 174, 177, 178, 180, 181, 182, 185, 186, 187, 188, 189, 191, 192, 194, 196, 197, 198, 199, 202, 205, 207, 208, 209, 212, 214, 215, 218, 219, 221, 223, 225, 227, 231, 236, 237, 238, 240, 242, 244, 245, 247, 248, 252, 254, 261, 264, 266, 267, 269]"
statlog,33,256,statlog_Q004,"[0, 1, 2, 3, 4, 5, 7, 8, 9, 10, 11, 12, 13, 14, 15, 16, 17, 18, 19, 20, 21, 22, 23, 24, 25, 26, 27, 29, 30, 31, 33, 34, 35, 36, 37, 38, 39, 40, 41, 42, 43, 44, 45, 46, 47, 48, 49, 50, 51, 52, 53, 54, 55, 56, 57, 58, 59, 60, 61, 62, 63, 64, 65, 66, 68, 69, 70, 71, 72, 73, 74, 75, 76, 77, 78, 79, 80, 81, 82, 83, 84, 85, 86, 87, 88, 89, 90, 91, 92, 93, 94, 95, 96, 97, 98, 99, 100, 101, 102, 103, 104, 105, 106, 107, 108, 109, 111, 112, 113, 114, 115, 116, 117, 118, 119, 120, 121, 122, 123, 124, 125, 126, 127, 128, 129, 130, 131, 132, 133, 134, 135, 136, 137, 138, 139, 140, 142, 143, 145, 146, 147, 148, 149, 150, 151, 152, 153, 154, 155, 156, 157, 158, 159, 160, 161, 162, 163, 164, 165, 166, 167, 168, 169, 170, 171, 172, 173, 174, 175, 176, 177, 178, 179, 180, 181, 182, 183, 184, 185, 186, 187, 188, 189, 190, 191, 192, 193, 194, 195, 196, 198, 199, 200, 201, 202, 204, 205, 206, 207, 208, 209, 211, 212, 213, 214, 215, 217, 219, 221, 222, 223, 224, 225, 226, 227, 228, 229, 230, 231, 232, 233, 234, 235, 236, 237, 238, 239, 240, 241, 242, 243, 244, 245, 246, 247, 248, 249, 251, 252, 253, 254, 255, 256, 257, 258, 259, 260, 261, 262, 263, 264, 265, 266, 267, 268, 269]"
statlog,44,8,statlog_Q004,"[30, 54, 57, 150, 180, 188, 189, 218]"
statlog,44,16,statlog_Q004,"[3, 4, 20, 29, 48, 53, 56, 75, 123, 147, 149, 176, 184, 212, 220, 269]"
statlog,44,32,statlog_Q004,"[3, 4, 18, 19, 22, 27, 33, 38, 48, 49, 50, 52, 67, 71, 82, 96, 98, 104, 115, 128, 138, 139, 140, 165, 172, 173, 189, 199, 206, 207, 229, 269]"
statlog,44,64,statlog_Q004,"[2, 3, 10, 13, 16, 19, 23, 25, 29, 33, 38, 40, 42, 43, 45, 46, 48, 55, 56, 59, 61, 62, 63, 69, 72, 84, 86, 91, 92, 101, 109, 112, 119, 122, 130, 142, 143, 147, 150, 152, 162, 171, 172, 179, 180, 189, 192, 195, 201, 205, 214, 224, 226, 231, 234, 235, 243, 249, 254, 257, 261, 264, 268, 269]"
statlog,44,128,statlog_Q004,"[0, 2, 4, 6, 7, 8, 9, 10, 11, 12, 13, 14, 16, 18, 21, 22, 24, 28, 29, 30, 31, 32, 34, 40, 41, 43, 44, 46, 48, 52, 55, 56, 59, 60, 61, 63, 66, 68, 69, 70, 71, 77, 79, 80, 81, 83, 84, 86, 89, 90, 91, 98, 99, 105, 107, 109, 110, 112, 118, 119, 120, 123, 126, 128, 129, 133, 134, 142, 143, 144, 145, 146, 149, 153, 156, 157, 159, 160, 164, 165, 166, 167, 169, 172, 173, 177, 178, 180, 181, 182, 184, 185, 189, 190, 192, 193, 194, 198, 199, 204, 205, 207, 208, 209, 213, 214, 216, 217, 218, 222, 226, 228, 231, 233, 241, 242, 245, 246, 248, 254, 255, 256, 260, 261, 263, 266, 267, 269]"
statlog,44,256,statlog_Q004,"[0, 1, 2, 3, 4, 5, 6, 7, 8, 9, 10, 11, 12, 13, 14, 15, 16, 18, 19, 20, 21, 22, 23, 24, 25, 26, 27, 28, 29, 30, 31, 32, 33, 35, 36, 37, 38, 39, 41, 42, 43, 44, 45, 46, 47, 48, 49, 50, 52, 53, 54, 55, 56, 57, 58, 59, 60, 61, 62, 63, 64, 65, 67, 68, 69, 70, 71, 72, 73, 74, 75, 76, 77, 78, 79, 80, 81, 82, 83, 84, 85, 86, 87, 88, 89, 90, 91, 92, 93, 94, 95, 96, 97, 98, 99, 100, 101, 102, 103, 104, 105, 106, 107, 108, 109, 110, 111, 112, 115, 116, 117, 118, 119, 120, 121, 122, 123, 124, 125, 126, 127, 129, 130, 131, 132, 133, 134, 135, 136, 137, 138, 139, 140, 141, 142, 143, 145, 146, 147, 148, 150, 151, 152, 153, 154, 155, 156, 157, 158, 159, 160, 161, 162, 163, 164, 165, 166, 167, 168, 169, 170, 171, 173, 174, 175, 176, 177, 178, 179, 180, 181, 182, 183, 184, 185, 186, 187, 188, 189, 190, 191, 192, 193, 194, 195, 196, 197, 198, 199, 200, 201, 202, 203, 204, 205, 206, 207, 209, 210, 211, 212, 213, 214, 215, 216, 217, 219, 221, 222, 223, 224, 225, 226, 227, 228, 229, 230, 231, 232, 233, 234, 235, 236, 237, 238, 239, 240, 241, 242, 243, 244, 245, 246, 247, 248, 249, 250, 251, 252, 253, 254, 255, 256, 257, 258, 259, 260, 261, 262, 263, 264, 265, 266, 267, 268, 269]"
statlog,55,8,statlog_Q004,"[11, 107, 115, 143, 191, 201, 265, 269]"
statlog,55,16,statlog_Q004,"[0, 10, 31, 83, 104, 111, 138, 185, 186, 189, 193, 196, 197, 258, 262, 269]"
statlog,55,32,statlog_Q004,"[0, 10, 29, 48, 79, 83, 86, 98, 99, 102, 105, 121, 123, 131, 133, 161, 174, 176, 182, 184, 186, 189, 194, 205, 213, 218, 234, 243, 247, 254, 258, 269]"
statlog,55,64,statlog_Q004,"[0, 8, 20, 22, 25, 35, 47, 48, 65, 66, 69, 71, 73, 75, 85, 86, 89, 91, 106, 108, 114, 115, 117, 119, 121, 134, 136, 139, 141, 147, 151, 153, 158, 160, 161, 162, 168, 170, 172, 178, 183, 186, 189, 191, 196, 206, 210, 211, 215, 217, 224, 226, 227, 229, 230, 237, 245, 246, 247, 250, 251, 262, 263, 269]"
statlog,55,128,statlog_Q004,"[0, 4, 6, 8, 11, 14, 15, 16, 18, 25, 29, 31, 36, 37, 39, 40, 42, 44, 45, 47, 48, 49, 50, 52, 53, 54, 56, 57, 59, 62, 64, 68, 76, 77, 78, 79, 80, 82, 83, 85, 86, 88, 89, 90, 94, 100, 101, 104, 105, 106, 108, 111, 112, 115, 119, 120, 121, 122, 123, 125, 127, 129, 134, 135, 137, 141, 142, 143, 146, 150, 152, 154, 159, 160, 161, 162, 166, 169, 170, 171, 174, 175, 176, 177, 178, 179, 180, 182, 184, 185, 186, 189, 190, 193, 194, 196, 198, 199, 201, 204, 205, 208, 211, 213, 215, 217, 219, 220, 222, 226, 228, 230, 233, 234, 236, 237, 238, 240, 242, 249, 251, 253, 254, 255, 260, 263, 266, 269]"
statlog,55,256,statlog_Q004,"[0, 2, 3, 4, 5, 6, 7, 8, 10, 11, 12, 13, 14, 15, 16, 17, 18, 19, 20, 21, 22, 23, 24, 25, 26, 27, 28, 29, 30, 31, 32, 33, 34, 35, 36, 37, 38, 39, 40, 41, 42, 43, 44, 45, 47, 48, 49, 50, 51, 52, 53, 54, 55, 56, 57, 58, 59, 61, 62, 63, 64, 65, 66, 67, 68, 69, 70, 71, 72, 73, 74, 75, 76, 78, 79, 80, 81, 82, 84, 85, 86, 87, 88, 89, 90, 91, 92, 93, 94, 95, 96, 97, 98, 99, 100, 101, 102, 103, 104, 105, 106, 107, 108, 109, 110, 111, 112, 113, 114, 115, 117, 118, 119, 120, 121, 122, 123, 124, 125, 126, 128, 129, 130, 131, 132, 133, 134, 135, 136, 137, 138, 139, 140, 141, 142, 143, 144, 145, 146, 147, 148, 149, 151, 152, 153, 154, 155, 156, 157, 158, 159, 160, 161, 162, 163, 164, 165, 166, 167, 168, 169, 170, 171, 173, 174, 175, 176, 177, 178, 179, 180, 181, 182, 183, 184, 185, 186, 187, 188, 189, 190, 191, 192, 193, 194, 195, 197, 198, 199, 200, 201, 202, 203, 204, 205, 206, 207, 209, 210, 211, 212, 213, 214, 215, 216, 217, 218, 219, 220, 221, 222, 223, 224, 225, 226, 227, 228, 229, 230, 231, 232, 233, 234, 235, 236, 237, 238, 239, 240, 241, 242, 243, 244, 245, 246, 247, 248, 249, 250, 251, 252, 254, 255, 256, 257, 258, 259, 260, 261, 262, 264, 265, 266, 267, 268, 269]"
statlog,11,8,statlog_Q005,"[73, 74, 119, 165, 189, 200, 212, 250]"
statlog,11,16,statlog_Q005,"[10, 25, 71, 72, 106, 115, 150, 153, 160, 186, 189, 194, 206, 234, 243, 269]"
statlog,11,32,statlog_Q005,"[1, 10, 23, 51, 66, 68, 70, 93, 100, 108, 117, 118, 128, 141, 143, 150, 164, 170, 175, 180, 189, 193, 212, 214, 218, 220, 221, 228, 241, 246, 263, 269]"
statlog,11,64,statlog_Q005,"[1, 8, 14, 20, 23, 28, 45, 51, 57, 59, 61, 81, 87, 90, 94, 103, 104, 109, 113, 114, 119, 123, 125, 130, 131, 132, 133, 137, 145, 149, 150, 152, 155, 156, 157, 166, 168, 169, 183, 184, 187, 189, 190, 191, 192, 194, 197, 201, 203, 209, 212, 215, 216, 218, 220, 240, 245, 246, 255, 258, 259, 260, 262, 269]"
statlog,11,128,statlog_Q005,"[0, 1, 2, 3, 6, 7, 10, 14, 18, 19, 21, 24, 25, 27, 30, 32, 38, 40, 41, 42, 43, 52, 54, 58, 59, 61, 62, 65, 66, 68, 74, 76, 78, 79, 80, 81, 82, 86, 87, 88, 90, 91, 95, 96, 97, 98, 100, 102, 104, 105, 107, 108, 109, 110, 111, 113, 115, 119, 126, 127, 129, 131, 132, 133, 134, 136, 138, 139, 140, 141, 148, 151, 152, 153, 154, 157, 160, 161, 162, 163, 166, 167, 169, 171, 175, 177, 178, 179, 181, 182, 184, 185, 187, 188, 189, 191, 192, 193, 197, 199, 200, 202, 203, 204, 206, 210, 213, 217, 219, 220, 223, 229, 230, 231, 235, 236, 241, 243, 244, 246, 247, 250, 252, 261, 262, 263, 266, 269]"
statlog,11,256,statlog_Q005,"[0, 1, 2, 3, 5, 6, 7, 8, 9, 10, 11, 12, 13, 14, 15, 16, 17, 18, 19, 20, 21, 22, 23, 24, 25, 26, 27, 28, 29, 30, 31, 32, 33, 34, 35, 36, 37, 39, 40, 41, 42, 43, 44, 45, 46, 47, 48, 49, 50, 51, 52, 53, 54, 55, 56, 57, 58, 61, 62, 63, 64, 65, 66, 67, 68, 69, 70, 71, 72, 73, 74, 75, 76, 77, 78, 79, 80, 82, 83, 84, 85, 86, 87, 88, 89, 90, 91, 92, 93, 94, 95, 96, 97, 98, 99, 100, 101, 103, 104, 105, 106, 107, 109, 110, 111, 112, 113, 114, 115, 116, 117, 118, 119, 120, 121, 122, 123, 124, 125, 126, 127, 128, 129, 130, 131, 132, 133, 134, 135, 136, 137, 138, 139, 140, 141, 142, 143, 144, 145, 146, 147, 148, 149, 150, 151, 152, 154, 155, 156, 157, 158, 159, 160, 161, 162, 163, 164, 165, 166, 168, 169, 170, 172, 173, 174, 175, 176, 177, 178, 180, 181, 182, 183, 184, 185, 186, 187, 189, 190, 191, 192, 193, 194, 195, 197, 198, 199, 200, 201, 202, 203, 204, 205, 206, 207, 208, 209, 210, 212, 213, 214, 215, 216, 217, 218, 219, 220, 221, 222, 223, 224, 225, 226, 227, 228, 229, 230, 231, 232, 233, 234, 235, 236, 237, 238, 239, 240, 241, 242, 243, 244, 245, 246, 247, 248, 249, 250, 251, 252, 253, 254, 255, 256, 257, 258, 259, 260, 261, 262, 263, 264, 265, 266, 267, 268, 269]"
statlog,22,8,statlog_Q005,"[3, 8, 10, 98, 111, 174, 189, 265]"
statlog,22,16,statlog_Q005,"[3, 8, 9, 11, 43, 57, 69, 96, 108, 124, 169, 179, 189, 257, 261, 269]"
statlog,22,32,statlog_Q005,"[2, 4, 8, 9, 11, 32, 36, 37, 40, 44, 48, 53, 65, 78, 90, 99, 100, 101, 116, 129, 158, 168, 181, 189, 190, 211, 218, 241, 246, 261, 265, 269]"
statlog,22,64,statlog_Q005,"[2, 3, 4, 6, 7, 8, 9, 10, 14, 15, 24, 28, 32, 35, 39, 41, 42, 46, 49, 56, 61, 69, 73, 78, 87, 88, 91, 101, 113, 124, 126, 129, 130, 137, 147, 151, 159, 162, 166, 168, 169, 184, 186, 189, 192, 199, 208, 210, 214, 215, 219, 221, 224, 226, 229, 233, 237, 242, 251, 256, 257, 262, 263, 269]"
statlog,22,128,statlog_Q005,"[1, 2, 3, 4, 5, 6, 7, 10, 11, 15, 16, 18, 20, 21, 22, 23, 24, 27, 28, 30, 31, 32, 34, 37, 38, 39, 41, 42, 45, 46, 48, 49, 53, 54, 55, 59, 60, 61, 62, 65, 68, 70, 71, 72, 74, 80, 81, 82, 88, 89, 90, 91, 93, 95, 96, 104, 106, 113, 115, 116, 118, 119, 120, 123, 126, 128, 129, 131, 136, 139, 140, 146, 147, 150, 151, 153, 154, 156, 157, 159, 160, 162, 163, 164, 166, 168, 170, 171, 176, 177, 179, 185, 186, 188, 189, 190, 192, 196, 200, 201, 202, 204, 205, 210, 214, 217, 220, 222, 223, 231, 234, 239, 242, 244, 245, 246, 247, 248, 250, 251, 252, 255, 257, 262, 263, 265, 266, 269]"
statlog,22,256,statlog_Q005,"[0, 1, 2, 3, 4, 6, 7, 9, 10, 11, 12, 13, 14, 15, 16, 17, 18, 19, 20, 21, 22, 23, 24, 25, 26, 27, 28, 29, 30, 31, 32, 33, 34, 35, 36, 37, 38, 39, 40, 41, 42, 43, 44, 45, 46, 47, 48, 49, 50, 51, 52, 53, 54, 55, 56, 57, 58, 59, 60, 62, 63, 64, 65, 66, 67, 68, 70, 71, 72, 73, 74, 75, 76, 77, 78, 79, 80, 81, 82, 83, 84, 85, 86, 87, 88, 89, 90, 91, 92, 93, 94, 95, 96, 97, 98, 100, 101, 102, 103, 104, 105, 106, 107, 108, 109, 111, 112, 113, 114, 115, 116, 117, 118, 119, 120, 121, 123, 124, 125, 126, 127, 128, 129, 130, 131, 132, 133, 134, 135, 137, 138, 139, 140, 141, 142, 143, 144, 145, 146, 147, 148, 149, 150, 151, 152, 153, 154, 155, 156, 157, 158, 159, 160, 161, 163, 164, 167, 168, 169, 170, 171, 172, 173, 174, 175, 176, 177, 178, 179, 180, 181, 182, 183, 184, 185, 186, 187, 188, 189, 190, 191, 193, 194, 196, 197, 198, 199, 200, 201, 202, 203, 204, 205, 206, 207, 208, 209, 210, 211, 212, 213, 214, 215, 216, 217, 218, 219, 220, 221, 222, 223, 224, 225, 226, 227, 229, 230, 231, 232, 233, 234, 235, 236, 237, 238, 239, 240, 241, 242, 243, 244, 245, 246, 247, 248, 249, 250, 251, 252, 253, 254, 255, 256, 257, 258, 259, 260, 261, 262, 263, 264, 265, 266, 267, 268, 269]"
statlog,33,8,statlog_Q005,"[52, 61, 149, 158, 168, 217, 241, 269]"
statlog,33,16,statlog_Q005,"[21, 33, 47, 50, 59, 85, 96, 113, 144, 153, 163, 189, 208, 211, 235, 269]"
statlog,33,32,statlog_Q005,"[6, 14, 20, 25, 31, 44, 47, 51, 52, 55, 80, 84, 90, 107, 110, 127, 135, 144, 153, 170, 189, 191, 195, 198, 201, 206, 210, 215, 218, 220, 252, 269]"
statlog,33,64,statlog_Q005,"[4, 5, 6, 11, 12, 16, 17, 22, 27, 28, 38, 41, 45, 48, 55, 59, 63, 70, 71, 73, 79, 83, 85, 90, 93, 97, 98, 109, 111, 117, 123, 124, 133, 137, 139, 146, 149, 153, 155, 159, 166, 169, 171, 175, 180, 184, 188, 189, 190, 191, 192, 198, 204, 211, 217, 220, 229, 236, 239, 242, 254, 263, 268, 269]"
statlog,33,128,statlog_Q005,"[3, 4, 8, 9, 10, 11, 12, 13, 15, 16, 19, 21, 22, 27, 29, 32, 33, 36, 40, 42, 44, 47, 49, 50, 51, 52, 54, 55, 57, 58, 61, 63, 65, 66, 69, 71, 72, 76, 77, 80, 81, 84, 85, 86, 87, 90, 92, 93, 95, 97, 104, 109, 110, 112, 113, 116, 117, 118, 119, 124, 126, 131, 133, 134, 135, 136, 140, 141, 146, 152, 157, 158, 159, 161, 164, 168, 169, 170, 173, 174, 176, 177, 183, 186, 187, 189, 190, 191, 192, 195, 200, 201, 202, 206, 208, 210, 211, 212, 213, 214, 215, 216, 217, 218, 222, 224, 226, 227, 229, 231, 233, 234, 238, 242, 243, 244, 247, 254, 255, 257, 258, 260, 261, 262, 263, 264, 265, 269]"
statlog,33,256,statlog_Q005,"[0, 1, 2, 3, 4, 6, 7, 8, 9, 10, 11, 13, 14, 15, 16, 17, 18, 19, 20, 21, 22, 23, 24, 25, 26, 27, 28, 29, 30, 31, 32, 33, 34, 35, 36, 37, 38, 39, 40, 41, 42, 43, 46, 47, 48, 49, 50, 51, 52, 53, 54, 55, 56, 57, 58, 59, 60, 61, 62, 64, 65, 66, 67, 68, 69, 70, 71, 72, 73, 74, 75, 76, 77, 78, 79, 80, 81, 82, 83, 84, 85, 86, 87, 88, 89, 90, 91, 92, 93, 94, 95, 96, 97, 98, 99, 100, 102, 103, 104, 105, 106, 107, 108, 109, 110, 111, 112, 113, 115, 116, 117, 118, 119, 120, 121, 122, 123, 124, 125, 126, 127, 128, 129, 130, 132, 133, 134, 135, 136, 137, 138, 139, 140, 141, 142, 143, 144, 145, 146, 147, 148, 149, 150, 151, 152, 153, 154, 155, 156, 157, 158, 159, 160, 161, 162, 163, 164, 165, 166, 167, 168, 169, 170, 171, 172, 173, 174, 175, 176, 177, 178, 180, 181, 182, 183, 184, 185, 186, 187, 188, 189, 190, 191, 192, 193, 194, 195, 197, 198, 199, 201, 202, 203, 204, 205, 206, 207, 208, 209, 210, 211, 212, 213, 215, 216, 217, 218, 219, 220, 221, 222, 223, 224, 225, 226, 227, 228, 230, 231, 232, 233, 234, 235, 236, 237, 238, 239, 240, 241, 242, 243, 245, 246, 247, 248, 249, 250, 251, 252, 253, 254, 255, 256, 257, 258, 259, 260, 261, 262, 263, 264, 265, 266, 267, 268, 269]"
statlog,44,8,statlog_Q005,"[33, 54, 86, 102, 152, 185, 189, 235]"
statlog,44,16,statlog_Q005,"[7, 21, 32, 52, 84, 99, 106, 108, 132, 148, 167, 180, 189, 212, 228, 269]"
statlog,44,32,statlog_Q005,"[6, 14, 20, 22, 24, 28, 30, 45, 49, 60, 78, 79, 93, 99, 102, 110, 124, 139, 156, 157, 169, 183, 189, 196, 200, 206, 207, 214, 218, 266, 267, 269]"
statlog,44,64,statlog_Q005,"[6, 9, 12, 17, 19, 21, 24, 26, 39, 42, 46, 53, 57, 61, 68, 69, 72, 74, 75, 81, 82, 86, 88, 97, 103, 107, 108, 113, 120, 121, 124, 128, 132, 137, 139, 140, 146, 151, 155, 160, 171, 172, 173, 175, 180, 185, 186, 187, 189, 192, 198, 211, 226, 230, 235, 236, 245, 249, 252, 256, 262, 265, 267, 269]"
statlog,44,128,statlog_Q005,"[1, 4, 7, 9, 12, 14, 15, 16, 17, 18, 19, 25, 28, 29, 34, 38, 39, 43, 45, 46, 47, 49, 51, 52, 54, 55, 56, 57, 60, 61, 62, 63, 64, 68, 69, 73, 76, 79, 80, 82, 84, 86, 87, 88, 89, 92, 93, 95, 97, 100, 101, 104, 106, 109, 110, 115, 118, 119, 122, 123, 125, 127, 128, 129, 130, 137, 138, 139, 141, 142, 144, 154, 155, 159, 160, 161, 163, 166, 174, 175, 176, 177, 179, 180, 184, 185, 186, 188, 189, 190, 191, 194, 200, 201, 203, 206, 207, 210, 211, 215, 217, 221, 222, 224, 225, 227, 228, 230, 232, 235, 237, 239, 241, 242, 245, 248, 249, 250, 251, 252, 254, 257, 258, 262, 263, 267, 268, 269]"
statlog,44,256,statlog_Q005,"[0, 1, 2, 3, 5, 6, 7, 8, 9, 10, 11, 12, 13, 14, 15, 16, 17, 18, 19, 20, 21, 22, 23, 24, 25, 26, 27, 28, 29, 30, 31, 32, 33, 35, 36, 37, 38, 39, 40, 41, 42, 43, 44, 45, 46, 47, 48, 49, 50, 51, 53, 54, 55, 56, 57, 58, 59, 60, 62, 63, 64, 65, 66, 67, 68, 69, 70, 71, 72, 73, 74, 75, 76, 77, 78, 79, 80, 81, 82, 83, 85, 86, 87, 88, 89, 90, 91, 92, 93, 94, 95, 96, 97, 98, 99, 100, 101, 102, 103, 104, 105, 106, 107, 108, 109, 110, 111, 112, 113, 114, 115, 116, 117, 118, 119, 120, 121, 122, 123, 124, 125, 126, 127, 128, 129, 131, 133, 134, 135, 136, 137, 138, 139, 140, 141, 143, 144, 145, 146, 147, 148, 149, 150, 151, 152, 153, 154, 155, 156, 157, 158, 159, 160, 161, 162, 163, 164, 165, 166, 167, 168, 169, 170, 171, 174, 175, 176, 177, 178, 180, 181, 182, 184, 185, 186, 187, 188, 189, 190, 191, 192, 193, 194, 195, 196, 197, 198, 199, 200, 201, 202, 203, 204, 205, 206, 208, 209, 210, 211, 212, 213, 214, 215, 216, 217, 218, 219, 220, 221, 222, 223, 224, 225, 226, 227, 228, 229, 230, 232, 233, 234, 235, 236, 237, 238, 239, 240, 241, 242, 243, 244, 245, 246, 247, 248, 249, 250, 251, 252, 253, 254, 255, 256, 257, 258, 259, 260, 261, 262, 263, 264, 265, 266, 267, 268, 269]"
statlog,55,8,statlog_Q005,"[3, 7, 23, 56, 106, 224, 250, 269]"
statlog,55,16,statlog_Q005,"[3, 6, 11, 20, 22, 52, 55, 103, 112, 188, 189, 218, 220, 238, 243, 269]"
statlog,55,32,statlog_Q005,"[1, 3, 6, 10, 19, 20, 23, 36, 40, 43, 49, 51, 73, 96, 105, 125, 149, 167, 169, 177, 185, 188, 189, 196, 204, 206, 223, 228, 253, 256, 261, 269]"
statlog,55,64,statlog_Q005,"[1, 2, 5, 6, 9, 13, 16, 18, 20, 27, 31, 35, 38, 43, 44, 48, 58, 61, 64, 69, 71, 83, 88, 91, 92, 110, 115, 117, 126, 127, 130, 131, 133, 141, 145, 146, 148, 154, 161, 162, 165, 170, 174, 177, 179, 184, 189, 195, 198, 200, 213, 215, 216, 217, 223, 229, 240, 241, 244, 247, 250, 255, 266, 269]"
statlog,55,128,statlog_Q005,"[1, 3, 5, 6, 10, 11, 12, 13, 15, 18, 19, 20, 22, 23, 25, 27, 28, 30, 31, 34, 35, 37, 39, 42, 46, 50, 53, 57, 60, 61, 63, 65, 66, 68, 70, 71, 75, 77, 78, 80, 81, 85, 86, 87, 93, 94, 96, 98, 101, 102, 103, 104, 105, 106, 108, 111, 112, 114, 115, 117, 118, 121, 123, 126, 131, 132, 137, 140, 141, 142, 146, 153, 156, 159, 160, 161, 162, 163, 166, 176, 177, 183, 184, 185, 189, 190, 191, 193, 195, 197, 199, 200, 202, 205, 207, 209, 210, 211, 212, 215, 216, 220, 223, 224, 227, 228, 229, 230, 232, 233, 234, 238, 240, 243, 247, 251, 253, 254, 255, 256, 257, 259, 260, 261, 264, 265, 266, 269]"
statlog,55,256,statlog_Q005,"[0, 1, 2, 3, 5, 6, 7, 8, 9, 10, 11, 13, 14, 15, 16, 17, 18, 19, 20, 21, 22, 23, 24, 25, 26, 27, 28, 29, 30, 31, 32, 33, 34, 35, 36, 37, 38, 39, 40, 41, 42, 43, 44, 45, 46, 47, 48, 49, 51, 52, 53, 54, 55, 56, 57, 58, 59, 60, 63, 64, 65, 67, 68, 70, 71, 72, 73, 74, 75, 76, 77, 78, 79, 80, 81, 82, 83, 84, 85, 86, 87, 88, 89, 90, 91, 92, 93, 94, 95, 96, 97, 98, 99, 100, 101, 102, 103, 104, 105, 106, 107, 108, 109, 110, 111, 112, 113, 114, 115, 116, 117, 118, 119, 120, 121, 122, 123, 124, 125, 126, 127, 128, 129, 130, 131, 132, 133, 134, 135, 136, 137, 139, 140, 141, 142, 143, 144, 145, 146, 147, 148, 150, 151, 152, 153, 154, 155, 156, 157, 159, 160, 161, 162, 163, 164, 165, 166, 167, 168, 169, 170, 171, 172, 173, 174, 175, 176, 177, 178, 179, 180, 181, 182, 183, 184, 185, 186, 187, 188, 189, 190, 191, 192, 193, 194, 195, 196, 197, 198, 199, 200, 201, 202, 203, 204, 205, 206, 208, 209, 210, 211, 212, 213, 214, 215, 216, 217, 218, 219, 220, 221, 222, 224, 225, 227, 228, 229, 230, 231, 232, 233, 234, 235, 236, 237, 238, 239, 240, 241, 242, 243, 244, 245, 246, 247, 248, 249, 250, 251, 252, 253, 254, 256, 257, 258, 259, 260, 261, 262, 263, 264, 265, 266, 267, 268, 269]"
statlog,11,8,statlog_Q006,"[4, 41, 46, 98, 125, 136, 191, 192]"
statlog,11,16,statlog_Q006,"[3, 30, 38, 40, 44, 96, 121, 132, 173, 185, 186, 191, 192, 204, 215, 226]"
statlog,11,32,statlog_Q006,"[3, 21, 22, 28, 34, 36, 37, 41, 51, 64, 88, 90, 111, 112, 115, 118, 119, 125, 129, 163, 175, 176, 180, 189, 190, 193, 196, 203, 210, 214, 241, 249]"
statlog,11,64,statlog_Q006,"[3, 14, 19, 20, 23, 24, 30, 32, 36, 45, 46, 56, 59, 66, 73, 74, 78, 92, 94, 97, 98, 99, 103, 106, 108, 112, 113, 118, 119, 122, 131, 132, 139, 142, 146, 149, 150, 152, 153, 157, 166, 167, 172, 176, 177, 182, 183, 185, 186, 189, 213, 215, 218, 221, 226, 229, 230, 237, 239, 248, 254, 263, 264, 269]"
statlog,11,128,statlog_Q006,"[3, 7, 10, 13, 14, 15, 17, 18, 21, 22, 23, 25, 26, 27, 30, 32, 34, 36, 38, 40, 43, 45, 50, 51, 53, 54, 55, 56, 58, 62, 63, 68, 69, 71, 72, 73, 74, 75, 76, 79, 80, 81, 83, 85, 87, 90, 92, 96, 97, 99, 102, 103, 104, 105, 106, 107, 109, 110, 111, 112, 118, 120, 126, 131, 132, 133, 134, 135, 136, 140, 141, 147, 148, 151, 154, 155, 159, 160, 161, 165, 169, 172, 176, 178, 179, 180, 181, 182, 185, 186, 189, 190, 191, 192, 193, 196, 197, 199, 200, 201, 205, 206, 207, 209, 211, 216, 223, 224, 226, 227, 232, 233, 234, 238, 240, 241, 249, 252, 253, 257, 258, 259, 261, 263, 265, 266, 268, 269]"
statlog,11,256,statlog_Q006,"[1, 2, 3, 4, 5, 7, 8, 9, 10, 11, 12, 13, 14, 15, 16, 17, 18, 19, 20, 21, 23, 24, 25, 26, 27, 28, 29, 30, 31, 32, 33, 34, 35, 36, 37, 38, 39, 40, 41, 42, 43, 44, 45, 46, 47, 48, 49, 50, 51, 53, 54, 56, 57, 58, 59, 60, 61, 62, 64, 65, 66, 67, 68, 69, 70, 71, 72, 73, 74, 75, 76, 77, 78, 79, 80, 81, 82, 83, 84, 85, 86, 87, 88, 89, 90, 91, 92, 93, 94, 95, 96, 97, 98, 99, 100, 101, 102, 103, 104, 105, 106, 107, 108, 109, 110, 111, 112, 113, 114, 115, 116, 117, 118, 119, 120, 121, 122, 123, 124, 125, 126, 127, 128, 129, 131, 132, 133, 134, 135, 136, 137, 138, 139, 140, 141, 142, 143, 144, 145, 147, 148, 149, 150, 151, 152, 153, 154, 155, 156, 157, 160, 161, 162, 163, 164, 165, 166, 167, 168, 169, 170, 171, 172, 173, 174, 176, 177, 178, 179, 180, 181, 182, 183, 184, 185, 186, 187, 188, 189, 190, 191, 192, 193, 194, 195, 196, 197, 198, 200, 201, 202, 203, 204, 205, 206, 207, 209, 210, 211, 212, 213, 214, 215, 216, 217, 218, 219, 220, 221, 222, 223, 224, 225, 226, 227, 228, 229, 230, 231, 232, 233, 234, 235, 236, 237, 238, 239, 240, 241, 242, 243, 244, 245, 246, 247, 248, 249, 250, 251, 252, 253, 254, 255, 256, 257, 259, 260, 261, 262, 263, 264, 265, 266, 267, 268, 269]"
statlog,22,8,statlog_Q006,"[5, 8, 47, 102, 148, 218, 228, 266]"
statlog,22,16,statlog_Q006,"[0, 6, 8, 26, 39, 40, 46, 47, 56, 100, 136, 144, 209, 213, 219, 222]"
statlog,22,32,statlog_Q006,"[0, 5, 8, 10, 18, 22, 25, 38, 40, 44, 45, 54, 61, 62, 82, 93, 95, 98, 129, 136, 142, 159, 169, 170, 197, 201, 206, 209, 235, 241, 251, 269]"
statlog,22,64,statlog_Q006,"[0, 2, 5, 8, 9, 11, 18, 19, 22, 23, 26, 27, 32, 33, 34, 36, 39, 46, 47, 54, 62, 72, 75, 76, 77, 82, 83, 87, 90, 98, 113, 116, 119, 122, 124, 125, 128, 140, 143, 147, 149, 150, 155, 172, 174, 180, 181, 192, 202, 206, 211, 212, 218, 220, 221, 228, 231, 235, 237, 243, 245, 247, 251, 268]"
statlog,22,128,statlog_Q006,"[0, 2, 3, 4, 6, 7, 8, 9, 13, 16, 17, 18, 21, 22, 24, 25, 27, 28, 33, 34, 35, 39, 40, 43, 45, 46, 48, 49, 52, 56, 58, 59, 63, 67, 69, 70, 73, 74, 76, 79, 80, 81, 83, 84, 85, 86, 88, 89, 90, 93, 94, 95, 98, 101, 102, 105, 108, 109, 110, 111, 112, 116, 121, 123, 125, 126, 128, 134, 136, 137, 140, 145, 148, 149, 151, 152, 155, 157, 162, 164, 167, 168, 171, 173, 174, 176, 177, 178, 182, 187, 189, 192, 194, 195, 196, 198, 202, 203, 204, 205, 206, 208, 210, 211, 213, 218, 219, 222, 224, 228, 230, 231, 234, 240, 241, 242, 245, 248, 254, 255, 256, 257, 260, 262, 263, 264, 265, 267]"
statlog,22,256,statlog_Q006,"[0, 1, 2, 3, 4, 5, 6, 7, 8, 9, 10, 11, 12, 13, 14, 15, 16, 17, 18, 19, 20, 21, 22, 23, 24, 25, 26, 27, 28, 29, 30, 31, 32, 33, 34, 35, 36, 37, 39, 40, 41, 42, 43, 44, 45, 46, 47, 48, 49, 50, 51, 52, 53, 54, 55, 56, 57, 58, 59, 60, 61, 62, 63, 64, 65, 67, 68, 69, 70, 71, 72, 73, 74, 75, 76, 77, 78, 79, 80, 81, 82, 83, 84, 85, 86, 87, 88, 89, 90, 91, 92, 94, 95, 96, 98, 99, 100, 101, 102, 104, 105, 106, 107, 108, 109, 110, 111, 112, 113, 114, 115, 116, 117, 118, 119, 120, 121, 122, 123, 124, 125, 126, 127, 128, 129, 130, 131, 132, 133, 134, 135, 136, 137, 138, 139, 140, 141, 142, 143, 145, 146, 147, 148, 149, 150, 151, 152, 153, 154, 155, 156, 157, 158, 159, 160, 161, 162, 163, 164, 165, 166, 167, 168, 169, 170, 171, 172, 173, 174, 175, 176, 177, 178, 180, 182, 183, 184, 185, 186, 187, 188, 189, 190, 191, 192, 193, 194, 195, 196, 197, 198, 199, 200, 201, 202, 203, 205, 206, 207, 208, 209, 210, 211, 212, 213, 214, 215, 216, 217, 218, 220, 221, 222, 223, 224, 225, 227, 228, 229, 230, 231, 232, 233, 234, 235, 236, 237, 238, 239, 240, 241, 242, 243, 244, 245, 246, 247, 248, 250, 251, 252, 253, 254, 255, 256, 258, 259, 261, 262, 263, 264, 265, 266, 267, 268, 269]"
statlog,33,8,statlog_Q006,"[10, 62, 96, 136, 137, 224, 248, 258]"
statlog,33,16,statlog_Q006,"[10, 61, 63, 93, 101, 132, 133, 140, 150, 157, 165, 187, 219, 221, 247, 251]"
statlog,33,32,statlog_Q006,"[9, 15, 55, 57, 59, 65, 88, 95, 123, 125, 131, 140, 141, 147, 148, 156, 161, 166, 176, 181, 184, 191, 196, 198, 200, 206, 209, 221, 223, 224, 236, 246]"
statlog,33,64,statlog_Q006,"[1, 8, 13, 16, 21, 25, 35, 42, 49, 51, 52, 53, 57, 58, 68, 76, 82, 87, 96, 98, 107, 108, 115, 119, 122, 123, 128, 129, 131, 135, 137, 142, 145, 151, 152, 158, 160, 161, 167, 168, 172, 173, 178, 182, 186, 188, 192, 194, 196, 197, 200, 204, 216, 226, 233, 236, 237, 245, 246, 248, 251, 252, 255, 265]"
statlog,33,128,statlog_Q006,"[0, 2, 4, 5, 9, 12, 14, 16, 18, 19, 22, 26, 29, 32, 33, 34, 35, 36, 37, 38, 39, 40, 42, 51, 52, 53, 54, 56, 58, 59, 62, 64, 65, 69, 70, 71, 73, 74, 78, 79, 81, 83, 84, 85, 86, 87, 88, 90, 91, 96, 98, 105, 107, 111, 112, 113, 114, 118, 120, 123, 124, 125, 127, 128, 129, 135, 136, 137, 140, 141, 142, 143, 145, 147, 150, 153, 158, 159, 161, 163, 164, 165, 167, 171, 173, 174, 176, 178, 179, 184, 186, 189, 191, 192, 197, 198, 199, 200, 201, 202, 203, 204, 205, 206, 209, 210, 213, 216, 217, 221, 224, 231, 232, 233, 236, 242, 243, 245, 246, 247, 250, 255, 256, 259, 260, 265, 267, 269]"
statlog,33,256,statlog_Q006,"[0, 1, 2, 3, 4, 5, 6, 7, 8, 9, 10, 11, 12, 14, 15, 16, 17, 18, 19, 20, 21, 22, 23, 24, 25, 26, 27, 28, 29, 30, 31, 33, 34, 35, 36, 37, 38, 39, 40, 41, 42, 43, 45, 46, 47, 48, 49, 50, 51, 52, 53, 55, 56, 57, 58, 59, 60, 61, 62, 63, 64, 65, 66, 67, 68, 69, 70, 71, 72, 73, 74, 76, 77, 78, 79, 80, 81, 82, 84, 85, 86, 87, 88, 89, 90, 91, 92, 93, 94, 95, 96, 97, 98, 99, 100, 101, 102, 103, 104, 105, 106, 107, 108, 109, 110, 111, 112, 113, 114, 115, 117, 118, 119, 120, 121, 122, 123, 124, 125, 126, 127, 128, 129, 130, 131, 132, 133, 134, 135, 136, 138, 139, 140, 141, 142, 143, 144, 145, 146, 147, 148, 149, 150, 151, 152, 153, 154, 155, 156, 157, 158, 159, 161, 162, 163, 164, 165, 166, 167, 168, 169, 170, 171, 172, 173, 174, 175, 177, 178, 179, 180, 181, 183, 184, 185, 186, 187, 188, 189, 190, 191, 192, 193, 194, 195, 196, 197, 198, 199, 200, 201, 203, 204, 205, 206, 207, 208, 209, 210, 211, 212, 213, 214, 215, 216, 217, 218, 220, 221, 222, 223, 224, 225, 226, 227, 228, 229, 230, 231, 232, 233, 234, 235, 236, 237, 238, 239, 240, 241, 242, 243, 244, 245, 246, 247, 248, 249, 250, 251, 252, 253, 254, 255, 256, 257, 258, 259, 260, 262, 263, 264, 265, 266, 267, 268, 269]"
statlog,44,8,statlog_Q006,"[15, 77, 80, 82, 83, 96, 210, 257]"
statlog,44,16,statlog_Q006,"[7, 15, 19, 24, 75, 77, 78, 79, 80, 96, 125, 199, 204, 245, 250, 254]"
statlog,44,32,statlog_Q006,"[6, 14, 17, 18, 22, 39, 43, 45, 47, 70, 73, 74, 75, 96, 104, 108, 113, 118, 124, 129, 136, 147, 192, 199, 212, 222, 231, 236, 239, 240, 250, 267]"
statlog,44,64,statlog_Q006,"[6, 12, 15, 19, 21, 27, 30, 34, 36, 38, 39, 42, 61, 62, 63, 64, 65, 76, 87, 93, 96, 98, 100, 102, 104, 109, 111, 113, 120, 125, 126, 129, 130, 140, 152, 157, 162, 166, 167, 170, 176, 177, 181, 185, 192, 195, 199, 202, 203, 204, 205, 208, 209, 210, 218, 220, 221, 236, 237, 240, 241, 249, 265, 268]"
statlog,44,128,statlog_Q006,"[4, 5, 7, 8, 11, 12, 13, 15, 16, 20, 21, 23, 25, 27, 28, 30, 31, 42, 44, 45, 46, 47, 48, 49, 51, 57, 60, 61, 63, 64, 65, 66, 67, 69, 71, 73, 75, 76, 79, 81, 84, 85, 91, 92, 93, 94, 96, 97, 98, 99, 100, 102, 104, 108, 112, 114, 115, 116, 118, 119, 120, 121, 125, 127, 129, 130, 131, 132, 135, 140, 142, 143, 144, 145, 147, 148, 149, 150, 153, 156, 158, 160, 163, 165, 166, 167, 168, 171, 172, 176, 177, 179, 181, 182, 183, 184, 188, 189, 192, 195, 197, 199, 200, 206, 209, 212, 225, 226, 227, 228, 229, 230, 233, 234, 236, 237, 240, 243, 244, 245, 247, 248, 253, 255, 259, 260, 262, 265]"
statlog,44,256,statlog_Q006,"[0, 1, 2, 3, 4, 5, 6, 7, 8, 9, 10, 11, 12, 13, 15, 16, 17, 18, 19, 20, 21, 23, 24, 25, 26, 27, 28, 29, 30, 31, 32, 33, 34, 35, 36, 37, 38, 39, 40, 41, 42, 43, 44, 45, 46, 47, 48, 49, 50, 51, 52, 53, 54, 55, 56, 57, 58, 59, 60, 61, 62, 63, 64, 65, 66, 67, 68, 69, 70, 71, 72, 73, 74, 75, 76, 77, 78, 79, 80, 81, 82, 83, 84, 85, 86, 87, 88, 89, 90, 91, 92, 93, 94, 95, 96, 98, 99, 100, 101, 102, 103, 104, 105, 106, 107, 108, 110, 111, 112, 113, 115, 116, 117, 118, 119, 120, 121, 122, 123, 124, 125, 126, 127, 128, 129, 130, 131, 132, 133, 134, 135, 136, 137, 138, 139, 140, 141, 142, 143, 144, 145, 146, 147, 148, 149, 150, 151, 152, 153, 154, 155, 156, 157, 158, 159, 160, 161, 162, 163, 164, 165, 166, 167, 168, 169, 170, 171, 172, 173, 174, 175, 176, 178, 179, 180, 181, 182, 183, 185, 186, 187, 188, 190, 191, 192, 193, 194, 195, 196, 197, 198, 199, 200, 201, 202, 203, 204, 205, 206, 207, 208, 209, 210, 211, 213, 214, 215, 216, 217, 218, 219, 220, 221, 223, 224, 225, 227, 228, 229, 230, 231, 232, 233, 235, 236, 238, 239, 240, 241, 242, 243, 244, 245, 246, 247, 248, 249, 250, 251, 252, 253, 255, 256, 257, 258, 259, 260, 261, 262, 263, 264, 265, 266, 267, 268, 269]"
statlog,55,8,statlog_Q006,"[30, 82, 88, 96, 160, 216, 221, 259]"
statlog,55,16,statlog_Q006,"[29, 56, 65, 79, 86, 94, 107, 157, 158, 162, 169, 193, 203, 208, 216, 252]"
statlog,55,32,statlog_Q006,"[21, 27, 45, 53, 55, 61, 74, 80, 83, 88, 89, 106, 107, 111, 140, 142, 147, 149, 152, 159, 160, 183, 192, 203, 205, 208, 211, 222, 224, 237, 259, 267]"
statlog,55,64,statlog_Q006,"[18, 23, 34, 35, 38, 40, 46, 48, 49, 53, 64, 70, 73, 76, 78, 90, 93, 96, 97, 102, 107, 115, 116, 119, 123, 124, 125, 128, 129, 130, 133, 138, 143, 153, 158, 159, 162, 165, 167, 176, 179, 180, 184, 194, 195, 205, 208, 214, 215, 222, 223, 235, 239, 240, 247, 251, 252, 253, 255, 261, 264, 266, 267, 268]"
statlog,55,128,statlog_Q006,"[1, 3, 7, 13, 16, 24, 25, 27, 28, 29, 32, 33, 35, 36, 37, 39, 44, 45, 46, 49, 52, 53, 56, 60, 63, 67, 68, 70, 76, 77, 78, 81, 82, 86, 88, 89, 91, 93, 95, 96, 100, 101, 102, 103, 106, 107, 109, 112, 116, 117, 118, 119, 122, 123, 124, 125, 129, 130, 132, 133, 134, 136, 137, 138, 142, 143, 144, 151, 153, 156, 159, 160, 162, 164, 169, 170, 171, 172, 173, 175, 176, 177, 179, 181, 182, 186, 189, 191, 193, 195, 196, 197, 198, 199, 201, 203, 204, 205, 206, 208, 209, 210, 211, 213, 214, 215, 216, 217, 218, 221, 222, 226, 229, 233, 234, 240, 241, 245, 247, 250, 251, 252, 260, 261, 263, 267, 268, 269]"
statlog,55,256,statlog_Q006,"[0, 1, 2, 3, 4, 5, 6, 7, 8, 9, 10, 11, 12, 13, 14, 15, 16, 17, 18, 19, 21, 22, 23, 25, 26, 27, 28, 29, 30, 31, 32, 33, 34, 35, 36, 37, 38, 39, 40, 41, 42, 43, 44, 45, 46, 47, 48, 49, 50, 51, 52, 53, 54, 55, 56, 57, 58, 59, 60, 61, 62, 63, 64, 65, 66, 67, 68, 69, 72, 73, 74, 75, 76, 77, 78, 79, 80, 81, 82, 83, 84, 85, 86, 87, 88, 89, 90, 91, 94, 95, 96, 97, 98, 100, 101, 102, 103, 104, 105, 106, 107, 108, 109, 111, 112, 114, 115, 116, 117, 118, 119, 120, 121, 122, 123, 124, 125, 126, 127, 128, 129, 130, 131, 132, 133, 134, 135, 136, 137, 138, 139, 140, 141, 142, 143, 144, 145, 146, 147, 148, 149, 150, 151, 152, 153, 154, 155, 156, 157, 158, 159, 160, 161, 162, 163, 164, 165, 166, 167, 168, 169, 170, 171, 172, 173, 174, 175, 176, 178, 179, 180, 181, 182, 184, 185, 186, 188, 189, 190, 191, 192, 193, 194, 195, 196, 197, 198, 199, 200, 201, 202, 203, 204, 205, 206, 207, 208, 209, 210, 211, 212, 213, 214, 215, 216, 217, 219, 220, 221, 222, 223, 224, 225, 226, 227, 228, 229, 230, 231, 232, 233, 234, 235, 236, 237, 238, 239, 240, 241, 242, 243, 244, 245, 246, 247, 248, 249, 250, 251, 252, 253, 254, 255, 256, 257, 258, 259, 261, 262, 263, 264, 265, 266, 267, 268, 269]"
statlog,11,8,statlog_Q007,"[1, 41, 46, 98, 125, 136, 191, 192]"
statlog,11,16,statlog_Q007,"[1, 30, 38, 40, 44, 96, 121, 132, 173, 185, 186, 191, 203, 204, 215, 226]"
statlog,11,32,statlog_Q007,"[1, 21, 22, 28, 34, 36, 37, 41, 51, 64, 88, 90, 111, 113, 115, 118, 119, 125, 129, 163, 175, 176, 180, 189, 192, 195, 201, 203, 210, 214, 241, 249]"
statlog,11,64,statlog_Q007,"[1, 14, 19, 20, 23, 24, 30, 32, 36, 45, 46, 56, 59, 66, 73, 74, 78, 92, 94, 97, 98, 99, 103, 106, 108, 112, 113, 118, 119, 122, 131, 132, 139, 142, 146, 149, 150, 152, 153, 157, 166, 167, 172, 176, 177, 182, 183, 185, 186, 201, 213, 215, 218, 221, 226, 229, 230, 237, 239, 248, 254, 263, 264, 269]"
statlog,11,128,statlog_Q007,"[1, 7, 10, 13, 14, 15, 17, 18, 21, 22, 23, 25, 26, 27, 30, 32, 34, 36, 38, 40, 43, 45, 50, 51, 53, 54, 55, 56, 58, 62, 63, 68, 69, 71, 72, 73, 74, 75, 76, 79, 80, 81, 83, 85, 87, 90, 92, 96, 97, 99, 102, 103, 104, 105, 106, 107, 109, 110, 111, 113, 118, 120, 126, 131, 132, 133, 134, 135, 136, 140, 141, 147, 148, 151, 154, 155, 159, 160, 161, 165, 169, 172, 176, 178, 179, 180, 181, 182, 185, 186, 189, 190, 191, 192, 195, 196, 198, 199, 200, 201, 205, 206, 207, 209, 211, 216, 223, 224, 226, 227, 232, 233, 234, 238, 240, 241, 249, 252, 253, 257, 258, 259, 261, 263, 265, 266, 268, 269]"
statlog,11,256,statlog_Q007,"[1, 2, 3, 4, 5, 7, 8, 9, 10, 11, 12, 13, 14, 15, 16, 17, 18, 19, 20, 21, 23, 24, 25, 26, 27, 28, 29, 30, 31, 32, 33, 34, 35, 36, 37, 38, 39, 40, 41, 42, 43, 44, 45, 46, 47, 48, 49, 50, 51, 53, 54, 56, 57, 58, 59, 60, 61, 62, 64, 65, 66, 67, 68, 69, 70, 71, 72, 73, 74, 75, 76, 77, 78, 79, 80, 81, 82, 83, 84, 85, 86, 87, 88, 89, 90, 91, 92, 93, 94, 95, 96, 97, 98, 99, 100, 101, 102, 103, 104, 105, 106, 107, 108, 109, 110, 111, 112, 113, 114, 115, 116, 117, 118, 119, 120, 121, 122, 123, 124, 125, 126, 127, 128, 129, 131, 132, 133, 134, 135, 136, 137, 138, 139, 140, 141, 142, 143, 144, 145, 147, 148, 149, 150, 151, 152, 153, 154, 155, 156, 157, 160, 161, 162, 163, 164, 165, 166, 167, 168, 169, 170, 171, 172, 173, 174, 176, 177, 178, 179, 180, 181, 182, 183, 184, 185, 186, 187, 188, 189, 190, 191, 192, 193, 194, 195, 196, 197, 199, 200, 201, 202, 203, 204, 205, 206, 207, 209, 210, 211, 212, 213, 214, 215, 216, 217, 218, 219, 220, 221, 222, 223, 224, 225, 226, 227, 228, 229, 230, 231, 232, 233, 234, 235, 236, 237, 238, 239, 240, 241, 242, 243, 244, 245, 246, 247, 248, 249, 250, 251, 252, 253, 254, 255, 256, 257, 259, 260, 261, 262, 263, 264, 265, 266, 267, 268, 269]"
statlog,22,8,statlog_Q007,"[5, 9, 47, 102, 148, 218, 228, 266]"
statlog,22,16,statlog_Q007,"[0, 6, 9, 26, 39, 40, 46, 47, 56, 100, 136, 144, 209, 213, 219, 222]"
statlog,22,32,statlog_Q007,"[0, 5, 9, 10, 21, 22, 25, 38, 40, 44, 45, 54, 61, 62, 82, 93, 95, 98, 129, 136, 142, 159, 169, 170, 197, 201, 206, 209, 235, 241, 251, 269]"
statlog,22,64,statlog_Q007,"[0, 2, 5, 8, 9, 11, 18, 21, 22, 23, 26, 27, 32, 33, 34, 36, 39, 46, 47, 54, 62, 72, 75, 76, 77, 82, 83, 87, 90, 98, 113, 116, 119, 122, 124, 125, 128, 140, 143, 147, 149, 150, 155, 172, 174, 180, 181, 192, 202, 206, 211, 212, 218, 220, 221, 228, 231, 235, 237, 243, 245, 247, 251, 268]"
statlog,22,128,statlog_Q007,"[0, 2, 3, 4, 6, 7, 8, 9, 13, 16, 17, 20, 21, 22, 24, 25, 27, 28, 33, 34, 35, 39, 40, 43, 45, 46, 48, 49, 52, 56, 58, 59, 63, 67, 69, 70, 73, 74, 76, 79, 80, 81, 83, 84, 85, 86, 88, 89, 90, 93, 94, 95, 98, 101, 102, 105, 108, 109, 110, 111, 112, 116, 121, 123, 125, 126, 128, 134, 136, 137, 140, 145, 148, 149, 151, 152, 155, 157, 162, 164, 167, 168, 171, 173, 174, 176, 177, 178, 182, 187, 189, 192, 194, 195, 196, 198, 202, 203, 204, 205, 206, 208, 210, 211, 213, 218, 219, 222, 224, 228, 230, 231, 234, 240, 241, 242, 245, 248, 254, 255, 256, 257, 260, 262, 263, 264, 265, 267]"
statlog,22,256,statlog_Q007,"[0, 1, 2, 3, 4, 5, 6, 7, 8, 9, 10, 11, 12, 13, 14, 15, 16, 17, 18, 19, 20, 21, 22, 23, 24, 25, 26, 27, 28, 29, 30, 31, 32, 33, 34, 35, 36, 37, 39, 40, 41, 42, 43, 44, 45, 46, 47, 48, 49, 50, 51, 52, 53, 54, 55, 56, 57, 58, 59, 60, 61, 62, 63, 64, 65, 67, 68, 69, 70, 71, 72, 73, 74, 75, 76, 77, 78, 79, 80, 81, 82, 83, 84, 85, 86, 87, 88, 89, 90, 91, 92, 94, 95, 96, 98, 99, 100, 101, 102, 104, 105, 106, 107, 108, 109, 110, 111, 112, 113, 114, 115, 116, 117, 118, 119, 120, 121, 122, 123, 124, 125, 126, 127, 128, 129, 130, 131, 132, 133, 134, 135, 136, 137, 138, 139, 140, 141, 142, 143, 145, 146, 147, 148, 149, 150, 151, 152, 153, 154, 155, 156, 157, 158, 159, 160, 161, 162, 163, 164, 165, 166, 167, 168, 169, 170, 171, 172, 173, 174, 175, 176, 177, 178, 180, 182, 183, 184, 185, 186, 187, 188, 189, 190, 191, 192, 193, 194, 195, 196, 197, 198, 199, 200, 201, 202, 203, 205, 206, 207, 208, 209, 210, 211, 212, 213, 214, 215, 216, 217, 218, 220, 221, 222, 223, 224, 225, 227, 228, 229, 230, 231, 232, 233, 234, 235, 236, 237, 238, 239, 240, 241, 242, 243, 244, 245, 246, 247, 248, 250, 251, 252, 253, 254, 255, 256, 258, 259, 261, 262, 263, 264, 265, 266, 267, 268, 269]"
statlog,33,8,statlog_Q007,"[10, 62, 96, 136, 137, 224, 255, 258]"
statlog,33,16,statlog_Q007,"[10, 61, 63, 93, 101, 132, 133, 140, 150, 157, 176, 187, 219, 221, 250, 255]"
statlog,33,32,statlog_Q007,"[9, 15, 55, 57, 59, 65, 88, 95, 123, 125, 131, 140, 141, 147, 148, 156, 165, 175, 176, 181, 184, 191, 196, 198, 205, 206, 209, 221, 223, 224, 236, 252]"
statlog,33,64,statlog_Q007,"[1, 8, 13, 16, 21, 25, 35, 42, 49, 51, 52, 53, 57, 58, 68, 76, 82, 87, 96, 98, 107, 108, 115, 119, 122, 123, 128, 129, 131, 135, 137, 142, 145, 151, 152, 158, 160, 166, 167, 171, 172, 176, 178, 182, 186, 188, 192, 194, 196, 197, 203, 205, 216, 226, 233, 236, 237, 245, 247, 250, 251, 252, 255, 265]"
statlog,33,128,statlog_Q007,"[0, 2, 4, 5, 9, 12, 14, 16, 18, 19, 22, 26, 29, 32, 33, 34, 35, 36, 37, 38, 39, 40, 42, 51, 52, 53, 54, 56, 58, 59, 62, 64, 65, 69, 70, 71, 73, 74, 78, 79, 81, 83, 84, 85, 86, 87, 88, 90, 91, 96, 98, 105, 107, 111, 112, 113, 114, 118, 120, 123, 124, 125, 127, 128, 129, 135, 136, 137, 140, 141, 142, 143, 145, 147, 150, 153, 158, 159, 162, 163, 164, 166, 170, 172, 173, 175, 176, 178, 179, 184, 186, 189, 191, 192, 197, 198, 199, 200, 201, 202, 203, 204, 205, 206, 209, 210, 213, 216, 217, 221, 224, 231, 232, 233, 236, 242, 243, 245, 246, 249, 252, 255, 256, 259, 260, 265, 267, 269]"
statlog,33,256,statlog_Q007,"[0, 1, 2, 3, 4, 5, 6, 7, 8, 9, 10, 11, 12, 14, 15, 16, 17, 18, 19, 20, 21, 22, 23, 24, 25, 26, 27, 28, 29, 30, 31, 33, 34, 35, 36, 37, 38, 39, 40, 41, 42, 43, 45, 46, 47, 48, 49, 50, 51, 52, 53, 55, 56, 57, 58, 59, 60, 61, 62, 63, 64, 65, 66, 67, 68, 69, 70, 71, 72, 73, 74, 76, 77, 78, 79, 80, 81, 82, 84, 85, 86, 87, 88, 89, 90, 91, 92, 93, 94, 95, 96, 97, 98, 99, 100, 101, 102, 103, 104, 105, 106, 107, 108, 109, 110, 111, 112, 113, 114, 115, 117, 118, 119, 120, 121, 122, 123, 124, 125, 126, 127, 128, 129, 130, 131, 132, 133, 134, 135, 136, 138, 139, 140, 141, 142, 143, 144, 145, 146, 147, 148, 149, 150, 151, 152, 153, 154, 155, 156, 157, 158, 159, 161, 162, 163, 164, 165, 166, 167, 168, 169, 170, 171, 172, 173, 174, 176, 177, 178, 179, 180, 181, 183, 184, 185, 186, 187, 188, 189, 190, 191, 192, 193, 194, 195, 196, 197, 198, 199, 200, 202, 203, 204, 205, 206, 207, 208, 209, 210, 211, 212, 213, 214, 215, 216, 217, 218, 220, 221, 222, 223, 224, 225, 226, 227, 228, 229, 230, 231, 232, 233, 234, 235, 236, 237, 238, 239, 240, 241, 242, 243, 244, 245, 246, 247, 248, 249, 250, 251, 252, 253, 254, 255, 256, 257, 258, 259, 260, 262, 263, 264, 265, 266, 267, 268, 269]"
statlog,44,8,statlog_Q007,"[15, 77, 80, 82, 83, 103, 210, 257]"
statlog,44,16,statlog_Q007,"[7, 15, 19, 24, 75, 77, 78, 79, 80, 103, 125, 203, 205, 245, 250, 254]"
statlog,44,32,statlog_Q007,"[6, 14, 17, 18, 22, 39, 43, 45, 47, 70, 73, 74, 75, 103, 107, 112, 113, 118, 124, 129, 136, 147, 192, 204, 212, 222, 231, 236, 239, 240, 250, 267]"
statlog,44,64,statlog_Q007,"[6, 12, 15, 19, 21, 27, 30, 34, 36, 38, 39, 42, 61, 62, 63, 64, 65, 76, 87, 93, 97, 99, 101, 103, 108, 110, 112, 113, 120, 125, 126, 129, 130, 140, 152, 157, 162, 166, 167, 170, 176, 177, 181, 185, 192, 195, 201, 202, 203, 204, 205, 208, 209, 210, 218, 220, 221, 236, 237, 240, 241, 249, 265, 268]"
statlog,44,128,statlog_Q007,"[4, 5, 7, 8, 11, 12, 13, 15, 16, 20, 21, 23, 25, 27, 28, 30, 31, 42, 44, 45, 46, 47, 48, 49, 51, 57, 60, 61, 63, 64, 65, 66, 67, 69, 71, 73, 75, 76, 79, 81, 84, 85, 91, 92, 93, 94, 96, 97, 98, 99, 101, 103, 107, 111, 112, 114, 115, 116, 118, 119, 120, 121, 125, 127, 129, 130, 131, 132, 135, 140, 142, 143, 144, 145, 147, 148, 149, 150, 153, 156, 158, 160, 163, 165, 166, 167, 168, 171, 172, 176, 177, 179, 181, 182, 183, 184, 188, 189, 192, 195, 197, 199, 204, 206, 209, 212, 225, 226, 227, 228, 229, 230, 233, 234, 236, 237, 240, 243, 244, 245, 247, 248, 253, 255, 259, 260, 262, 265]"
statlog,44,256,statlog_Q007,"[0, 1, 2, 3, 4, 5, 6, 7, 8, 9, 10, 11, 12, 13, 15, 16, 17, 18, 19, 20, 21, 23, 24, 25, 26, 27, 28, 29, 30, 31, 32, 33, 34, 35, 36, 37, 38, 39, 40, 41, 42, 43, 44, 45, 46, 47, 48, 49, 50, 51, 52, 53, 54, 55, 56, 57, 58, 59, 60, 61, 62, 63, 64, 65, 66, 67, 68, 69, 70, 71, 72, 73, 74, 75, 76, 77, 78, 79, 80, 81, 82, 83, 84, 85, 86, 87, 88, 89, 90, 91, 92, 93, 94, 95, 97, 98, 99, 100, 101, 102, 103, 104, 105, 106, 107, 109, 110, 111, 112, 113, 115, 116, 117, 118, 119, 120, 121, 122, 123, 124, 125, 126, 127, 128, 129, 130, 131, 132, 133, 134, 135, 136, 137, 138, 139, 140, 141, 142, 143, 144, 145, 146, 147, 148, 149, 150, 151, 152, 153, 154, 155, 156, 157, 158, 159, 160, 161, 162, 163, 164, 165, 166, 167, 168, 169, 170, 171, 172, 173, 174, 175, 176, 178, 179, 180, 181, 182, 183, 185, 186, 187, 188, 190, 191, 192, 193, 194, 195, 196, 197, 198, 199, 200, 201, 202, 203, 204, 205, 206, 207, 208, 209, 210, 211, 213, 214, 215, 216, 217, 218, 219, 220, 221, 223, 224, 225, 227, 228, 229, 230, 231, 232, 233, 235, 236, 238, 239, 240, 241, 242, 243, 244, 245, 246, 247, 248, 249, 250, 251, 252, 253, 255, 256, 257, 258, 259, 260, 261, 262, 263, 264, 265, 266, 267, 268, 269]"
statlog,55,8,statlog_Q007,"[30, 82, 88, 96, 160, 220, 223, 259]"
statlog,55,16,statlog_Q007,"[29, 56, 65, 79, 86, 94, 113, 157, 158, 162, 169, 193, 203, 208, 216, 252]"
statlog,55,32,statlog_Q007,"[21, 27, 45, 53, 55, 61, 74, 80, 83, 88, 89, 106, 110, 112, 140, 142, 147, 149, 152, 159, 176, 183, 192, 203, 205, 206, 211, 222, 224, 237, 259, 267]"
statlog,55,64,statlog_Q007,"[18, 23, 34, 35, 38, 40, 46, 48, 49, 53, 64, 70, 73, 76, 78, 90, 93, 96, 97, 102, 112, 115, 116, 119, 123, 124, 125, 128, 129, 130, 133, 138, 143, 153, 158, 161, 164, 166, 175, 176, 179, 180, 184, 194, 195, 205, 206, 214, 215, 222, 223, 235, 239, 240, 247, 251, 252, 253, 255, 261, 264, 266, 267, 268]"
statlog,55,128,statlog_Q007,"[1, 3, 7, 13, 16, 24, 25, 27, 28, 29, 32, 33, 35, 36, 37, 39, 44, 45, 46, 49, 52, 53, 56, 60, 63, 67, 68, 70, 76, 77, 78, 81, 82, 86, 88, 89, 91, 93, 95, 96, 100, 101, 102, 103, 106, 108, 111, 112, 116, 117, 118, 119, 122, 123, 124, 125, 129, 130, 132, 133, 134, 136, 137, 138, 142, 143, 144, 151, 153, 156, 159, 161, 163, 168, 169, 170, 171, 172, 174, 175, 176, 177, 179, 181, 182, 186, 189, 191, 193, 195, 196, 197, 198, 199, 201, 203, 204, 205, 206, 207, 209, 210, 211, 213, 214, 215, 216, 217, 218, 221, 222, 226, 229, 233, 234, 240, 241, 245, 247, 250, 251, 252, 260, 261, 263, 267, 268, 269]"
statlog,55,256,statlog_Q007,"[0, 1, 2, 3, 4, 5, 6, 7, 8, 9, 10, 11, 12, 13, 14, 15, 16, 17, 18, 19, 21, 22, 23, 25, 26, 27, 28, 29, 30, 31, 32, 33, 34, 35, 36, 37, 38, 39, 40, 41, 42, 43, 44, 45, 46, 47, 48, 49, 50, 51, 52, 53, 54, 55, 56, 57, 58, 59, 60, 61, 62, 63, 64, 65, 66, 67, 68, 69, 72, 73, 74, 75, 76, 77, 78, 79, 80, 81, 82, 83, 84, 85, 86, 87, 88, 89, 90, 91, 94, 95, 96, 97, 98, 100, 101, 102, 103, 104, 105, 106, 107, 108, 110, 111, 112, 114, 115, 116, 117, 118, 119, 120, 121, 122, 123, 124, 125, 126, 127, 128, 129, 130, 131, 132, 133, 134, 135, 136, 137, 138, 139, 140, 141, 142, 143, 144, 145, 146, 147, 148, 149, 150, 151, 152, 153, 154, 155, 156, 157, 158, 159, 160, 161, 162, 163, 164, 165, 166, 167, 168, 169, 170, 171, 172, 173, 174, 175, 176, 178, 179, 180, 181, 182, 184, 185, 186, 188, 189, 190, 191, 192, 193, 194, 195, 196, 197, 198, 199, 200, 201, 202, 203, 204, 205, 206, 207, 208, 209, 210, 211, 212, 213, 214, 215, 216, 217, 219, 220, 221, 222, 223, 224, 225, 226, 227, 228, 229, 230, 231, 232, 233, 234, 235, 236, 237, 238, 239, 240, 241, 242, 243, 244, 245, 246, 247, 248, 249, 250, 251, 252, 253, 254, 255, 256, 257, 258, 259, 261, 262, 263, 264, 265, 266, 267, 268, 269]"
statlog,11,8,statlog_Q008,"[8, 41, 46, 98, 125, 136, 191, 192]"
statlog,11,16,statlog_Q008,"[8, 30, 38, 40, 44, 96, 121, 132, 173, 185, 186, 191, 200, 204, 215, 226]"
statlog,11,32,statlog_Q008,"[8, 21, 22, 28, 34, 36, 37, 41, 51, 64, 88, 90, 111, 114, 117, 118, 119, 125, 129, 163, 175, 176, 180, 189, 192, 195, 199, 203, 210, 214, 241, 249]"
statlog,11,64,statlog_Q008,"[8, 14, 19, 20, 23, 24, 30, 32, 36, 45, 46, 56, 59, 66, 73, 74, 78, 92, 94, 97, 98, 99, 103, 106, 108, 112, 117, 118, 119, 122, 131, 132, 139, 142, 146, 149, 150, 152, 153, 157, 166, 167, 172, 176, 177, 182, 183, 185, 186, 199, 213, 215, 218, 221, 226, 229, 230, 237, 239, 248, 254, 263, 264, 269]"
statlog,11,128,statlog_Q008,"[6, 8, 10, 13, 14, 15, 17, 18, 21, 22, 23, 25, 26, 27, 30, 32, 34, 36, 38, 40, 43, 45, 50, 51, 53, 54, 55, 56, 58, 62, 63, 68, 69, 71, 72, 73, 74, 75, 76, 79, 80, 81, 83, 85, 87, 90, 92, 96, 97, 99, 102, 103, 104, 105, 106, 107, 109, 110, 111, 117, 119, 120, 126, 131, 132, 133, 134, 135, 136, 140, 141, 147, 148, 151, 154, 155, 159, 160, 161, 165, 169, 172, 176, 178, 179, 180, 181, 182, 185, 186, 189, 190, 191, 192, 195, 196, 198, 199, 200, 201, 205, 206, 207, 209, 211, 216, 223, 224, 226, 227, 232, 233, 234, 238, 240, 241, 249, 252, 253, 257, 258, 259, 261, 263, 265, 266, 268, 269]"
statlog,11,256,statlog_Q008,"[1, 2, 3, 4, 6, 7, 8, 9, 10, 11, 12, 13, 14, 15, 16, 17, 18, 19, 20, 21, 23, 24, 25, 26, 27, 28, 29, 30, 31, 32, 33, 34, 35, 36, 37, 38, 39, 40, 41, 42, 43, 44, 45, 46, 47, 48, 49, 50, 51, 53, 54, 56, 57, 58, 59, 60, 61, 62, 64, 65, 66, 67, 68, 69, 70, 71, 72, 73, 74, 75, 76, 77, 78, 79, 80, 81, 82, 83, 84, 85, 86, 87, 88, 89, 90, 91, 92, 93, 94, 95, 96, 97, 98, 99, 100, 101, 102, 103, 104, 105, 106, 107, 108, 109, 110, 111, 112, 113, 114, 115, 116, 117, 118, 119, 120, 121, 122, 123, 124, 125, 126, 127, 128, 129, 131, 132, 133, 134, 135, 136, 137, 138, 139, 140, 141, 142, 143, 144, 145, 147, 148, 149, 150, 151, 152, 153, 154, 155, 156, 157, 160, 161, 162, 163, 164, 165, 166, 167, 168, 169, 170, 171, 172, 173, 174, 176, 177, 178, 179, 180, 181, 182, 183, 184, 185, 186, 187, 188, 189, 190, 191, 192, 193, 194, 195, 196, 197, 199, 200, 201, 202, 203, 204, 205, 206, 207, 209, 210, 211, 212, 213, 214, 215, 216, 217, 218, 219, 220, 221, 222, 223, 224, 225, 226, 227, 228, 229, 230, 231, 232, 233, 234, 235, 236, 237, 238, 239, 240, 241, 242, 243, 244, 245, 246, 247, 248, 249, 250, 251, 252, 253, 254, 255, 256, 257, 259, 260, 261, 262, 263, 264, 265, 266, 267, 268, 269]"
statlog,22,8,statlog_Q008,"[5, 16, 47, 102, 148, 218, 228, 266]"
statlog,22,16,statlog_Q008,"[0, 6, 14, 26, 39, 40, 46, 47, 56, 100, 136, 144, 209, 213, 219, 222]"
statlog,22,32,statlog_Q008,"[0, 5, 9, 14, 21, 24, 27, 38, 40, 44, 45, 54, 61, 62, 82, 93, 95, 98, 129, 136, 142, 159, 169, 170, 197, 201, 206, 209, 235, 241, 251, 269]"
statlog,22,64,statlog_Q008,"[0, 2, 5, 8, 10, 14, 18, 21, 22, 25, 26, 27, 32, 33, 34, 36, 39, 46, 47, 54, 62, 72, 75, 76, 77, 82, 83, 87, 90, 98, 113, 116, 119, 122, 124, 125, 128, 140, 143, 147, 149, 150, 155, 172, 174, 180, 181, 192, 202, 206, 211, 212, 218, 220, 221, 228, 231, 235, 237, 243, 245, 247, 251, 268]"
statlog,22,128,statlog_Q008,"[0, 2, 3, 4, 6, 7, 8, 12, 14, 16, 17, 20, 21, 23, 24, 26, 27, 28, 33, 34, 35, 39, 40, 43, 45, 46, 48, 49, 52, 56, 58, 59, 63, 67, 69, 70, 73, 74, 76, 79, 80, 81, 83, 84, 85, 86, 88, 89, 90, 93, 94, 95, 98, 101, 102, 105, 108, 109, 110, 111, 112, 116, 121, 123, 125, 126, 128, 134, 136, 137, 140, 145, 148, 149, 151, 152, 155, 157, 162, 164, 167, 168, 171, 173, 174, 176, 177, 178, 182, 187, 189, 192, 194, 195, 196, 198, 202, 203, 204, 205, 206, 208, 210, 211, 213, 218, 219, 222, 224, 228, 230, 231, 234, 240, 241, 242, 245, 248, 254, 255, 256, 257, 260, 262, 263, 264, 265, 267]"
statlog,22,256,statlog_Q008,"[0, 1, 2, 3, 4, 5, 6, 7, 8, 9, 10, 11, 12, 13, 14, 15, 16, 17, 18, 19, 20, 21, 22, 23, 24, 25, 26, 27, 28, 29, 30, 31, 32, 33, 34, 35, 36, 37, 39, 40, 41, 42, 43, 44, 45, 46, 47, 48, 49, 50, 51, 52, 53, 54, 55, 56, 57, 58, 59, 60, 61, 62, 63, 64, 65, 67, 68, 69, 70, 71, 72, 73, 74, 75, 76, 77, 78, 79, 80, 81, 82, 83, 84, 85, 86, 87, 88, 89, 90, 91, 92, 94, 95, 96, 98, 99, 100, 101, 102, 104, 105, 106, 107, 108, 109, 110, 111, 112, 113, 114, 115, 116, 117, 118, 119, 120, 121, 122, 123, 124, 125, 126, 127, 128, 129, 130, 131, 132, 133, 134, 135, 136, 137, 138, 139, 140, 141, 142, 143, 145, 146, 147, 148, 149, 150, 151, 152, 153, 154, 155, 156, 157, 158, 159, 160, 161, 162, 163, 164, 165, 166, 167, 168, 169, 170, 171, 172, 173, 174, 175, 176, 177, 178, 180, 182, 183, 184, 185, 186, 187, 188, 189, 190, 191, 192, 193, 194, 195, 196, 197, 198, 199, 200, 201, 202, 203, 205, 206, 207, 208, 209, 210, 211, 212, 213, 214, 215, 216, 217, 218, 220, 221, 222, 223, 224, 225, 227, 228, 229, 230, 231, 232, 233, 234, 235, 236, 237, 238, 239, 240, 241, 242, 243, 244, 245, 246, 247, 248, 250, 251, 252, 253, 254, 255, 256, 258, 259, 261, 262, 263, 264, 265, 266, 267, 268, 269]"
statlog,33,8,statlog_Q008,"[10, 62, 96, 136, 137, 224, 255, 258]"
statlog,33,16,statlog_Q008,"[10, 61, 63, 93, 101, 132, 133, 140, 150, 157, 169, 187, 219, 221, 250, 255]"
statlog,33,32,statlog_Q008,"[9, 15, 55, 57, 59, 65, 88, 95, 123, 125, 131, 140, 141, 147, 148, 156, 165, 169, 176, 181, 184, 191, 196, 198, 204, 206, 209, 221, 223, 224, 236, 252]"
statlog,33,64,statlog_Q008,"[1, 8, 13, 16, 21, 25, 35, 42, 49, 51, 52, 53, 57, 58, 68, 76, 82, 87, 96, 98, 107, 108, 115, 119, 122, 123, 128, 129, 131, 135, 137, 142, 145, 151, 152, 158, 160, 166, 167, 169, 172, 173, 178, 182, 186, 188, 192, 194, 196, 197, 203, 204, 216, 226, 233, 236, 237, 245, 247, 250, 251, 252, 255, 265]"
statlog,33,128,statlog_Q008,"[0, 2, 4, 5, 9, 12, 14, 16, 18, 19, 22, 26, 29, 32, 33, 34, 35, 36, 37, 38, 39, 40, 42, 51, 52, 53, 54, 56, 58, 59, 62, 64, 65, 69, 70, 71, 73, 74, 78, 79, 81, 83, 84, 85, 86, 87, 88, 90, 91, 96, 98, 105, 107, 111, 112, 113, 114, 118, 120, 123, 124, 125, 127, 128, 129, 135, 136, 137, 140, 141, 142, 143, 145, 147, 150, 153, 158, 159, 162, 163, 164, 166, 169, 171, 173, 174, 176, 178, 179, 184, 186, 189, 191, 192, 197, 198, 199, 200, 201, 202, 203, 204, 205, 206, 209, 210, 213, 216, 217, 221, 224, 231, 232, 233, 236, 242, 243, 245, 246, 249, 252, 255, 256, 259, 260, 265, 267, 269]"
statlog,33,256,statlog_Q008,"[0, 1, 2, 3, 4, 5, 6, 7, 8, 9, 10, 11, 12, 14, 15, 16, 17, 18, 19, 20, 21, 22, 23, 24, 25, 26, 27, 28, 29, 30, 31, 33, 34, 35, 36, 37, 38, 39, 40, 41, 42, 43, 45, 46, 47, 48, 49, 50, 51, 52, 53, 55, 56, 57, 58, 59, 60, 61, 62, 63, 64, 65, 66, 67, 68, 69, 70, 71, 72, 73, 74, 76, 77, 78, 79, 80, 81, 82, 84, 85, 86, 87, 88, 89, 90, 91, 92, 93, 94, 95, 96, 97, 98, 99, 100, 101, 102, 103, 104, 105, 106, 107, 108, 109, 110, 111, 112, 113, 114, 115, 117, 118, 119, 120, 121, 122, 123, 124, 125, 126, 127, 128, 129, 130, 131, 132, 133, 134, 135, 136, 138, 139, 140, 141, 142, 143, 144, 145, 146, 147, 148, 149, 150, 151, 152, 153, 154, 155, 156, 157, 158, 159, 161, 162, 163, 164, 165, 166, 167, 168, 169, 170, 171, 172, 173, 174, 175, 177, 178, 179, 180, 181, 183, 184, 185, 186, 187, 188, 189, 190, 191, 192, 193, 194, 195, 196, 197, 198, 199, 200, 202, 203, 204, 205, 206, 207, 208, 209, 210, 211, 212, 213, 214, 215, 216, 217, 218, 220, 221, 222, 223, 224, 225, 226, 227, 228, 229, 230, 231, 232, 233, 234, 235, 236, 237, 238, 239, 240, 241, 242, 243, 244, 245, 246, 247, 248, 249, 250, 251, 252, 253, 254, 255, 256, 257, 258, 259, 260, 262, 263, 264, 265, 266, 267, 268, 269]"
statlog,44,8,statlog_Q008,"[15, 77, 80, 82, 83, 113, 210, 257]"
statlog,44,16,statlog_Q008,"[7, 15, 19, 24, 75, 77, 78, 79, 80, 112, 125, 203, 204, 245, 250, 254]"
statlog,44,32,statlog_Q008,"[6, 14, 17, 18, 22, 39, 43, 45, 47, 70, 73, 74, 75, 106, 111, 112, 115, 118, 124, 129, 136, 147, 192, 203, 212, 222, 231, 236, 239, 240, 250, 267]"
statlog,44,64,statlog_Q008,"[6, 12, 15, 19, 21, 27, 30, 34, 36, 38, 39, 42, 61, 62, 63, 64, 65, 76, 87, 93, 97, 99, 101, 107, 109, 111, 112, 115, 120, 125, 126, 129, 130, 140, 152, 157, 162, 166, 167, 170, 176, 177, 181, 185, 192, 195, 201, 202, 203, 204, 205, 208, 209, 210, 218, 220, 221, 236, 237, 240, 241, 249, 265, 268]"
statlog,44,128,statlog_Q008,"[4, 5, 7, 8, 11, 12, 13, 15, 16, 20, 21, 23, 25, 27, 28, 30, 31, 42, 44, 45, 46, 47, 48, 49, 51, 57, 60, 61, 63, 64, 65, 66, 67, 69, 71, 73, 75, 76, 79, 81, 84, 85, 91, 92, 93, 94, 96, 97, 98, 99, 101, 106, 110, 112, 113, 114, 115, 116, 118, 119, 120, 121, 125, 127, 129, 130, 131, 132, 135, 140, 142, 143, 144, 145, 147, 148, 149, 150, 153, 156, 158, 160, 163, 165, 166, 167, 168, 171, 172, 176, 177, 179, 181, 182, 183, 184, 188, 189, 192, 195, 197, 199, 203, 206, 209, 212, 225, 226, 227, 228, 229, 230, 233, 234, 236, 237, 240, 243, 244, 245, 247, 248, 253, 255, 259, 260, 262, 265]"
statlog,44,256,statlog_Q008,"[0, 1, 2, 3, 4, 5, 6, 7, 8, 9, 10, 11, 12, 13, 15, 16, 17, 18, 19, 20, 21, 23, 24, 25, 26, 27, 28, 29, 30, 31, 32, 33, 34, 35, 36, 37, 38, 39, 40, 41, 42, 43, 44, 45, 46, 47, 48, 49, 50, 51, 52, 53, 54, 55, 56, 57, 58, 59, 60, 61, 62, 63, 64, 65, 66, 67, 68, 69, 70, 71, 72, 73, 74, 75, 76, 77, 78, 79, 80, 81, 82, 83, 84, 85, 86, 87, 88, 89, 90, 91, 92, 93, 94, 95, 97, 98, 99, 100, 101, 102, 103, 104, 105, 106, 108, 109, 110, 111, 112, 114, 115, 116, 117, 118, 119, 120, 121, 122, 123, 124, 125, 126, 127, 128, 129, 130, 131, 132, 133, 134, 135, 136, 137, 138, 139, 140, 141, 142, 143, 144, 145, 146, 147, 148, 149, 150, 151, 152, 153, 154, 155, 156, 157, 158, 159, 160, 161, 162, 163, 164, 165, 166, 167, 168, 169, 170, 171, 172, 173, 174, 175, 176, 178, 179, 180, 181, 182, 183, 185, 186, 187, 188, 190, 191, 192, 193, 194, 195, 196, 197, 198, 199, 200, 201, 202, 203, 204, 205, 206, 207, 208, 209, 210, 211, 213, 214, 215, 216, 217, 218, 219, 220, 221, 223, 224, 225, 227, 228, 229, 230, 231, 232, 233, 235, 236, 238, 239, 240, 241, 242, 243, 244, 245, 246, 247, 248, 249, 250, 251, 252, 253, 255, 256, 257, 258, 259, 260, 261, 262, 263, 264, 265, 266, 267, 268, 269]"
statlog,55,8,statlog_Q008,"[30, 82, 88, 96, 160, 210, 221, 259]"
statlog,55,16,statlog_Q008,"[29, 56, 65, 79, 86, 94, 119, 157, 158, 162, 169, 193, 203, 208, 216, 252]"
statlog,55,32,statlog_Q008,"[21, 27, 45, 53, 55, 61, 74, 80, 83, 88, 89, 106, 110, 117, 140, 142, 147, 149, 152, 159, 165, 183, 192, 203, 205, 208, 211, 222, 224, 237, 259, 267]"
statlog,55,64,statlog_Q008,"[18, 23, 34, 35, 38, 40, 46, 48, 49, 53, 64, 70, 73, 76, 78, 90, 93, 96, 97, 102, 114, 115, 117, 119, 123, 124, 125, 128, 129, 130, 133, 138, 143, 153, 158, 161, 164, 165, 167, 176, 179, 180, 184, 194, 195, 205, 208, 214, 215, 222, 223, 235, 239, 240, 247, 251, 252, 253, 255, 261, 264, 266, 267, 268]"
statlog,55,128,statlog_Q008,"[1, 3, 7, 13, 16, 24, 25, 27, 28, 29, 32, 33, 35, 36, 37, 39, 44, 45, 46, 49, 52, 53, 56, 60, 63, 67, 68, 70, 76, 77, 78, 81, 82, 86, 88, 89, 91, 93, 95, 96, 100, 101, 102, 103, 106, 108, 111, 115, 116, 117, 118, 119, 122, 123, 124, 125, 129, 130, 132, 133, 134, 136, 137, 138, 142, 143, 144, 151, 153, 156, 159, 161, 163, 165, 169, 170, 171, 172, 173, 175, 176, 177, 179, 181, 182, 186, 189, 191, 193, 195, 196, 197, 198, 199, 201, 203, 204, 205, 206, 208, 209, 210, 211, 213, 214, 215, 216, 217, 218, 221, 222, 226, 229, 233, 234, 240, 241, 245, 247, 250, 251, 252, 260, 261, 263, 267, 268, 269]"
statlog,55,256,statlog_Q008,"[0, 1, 2, 3, 4, 5, 6, 7, 8, 9, 10, 11, 12, 13, 14, 15, 16, 17, 18, 19, 21, 22, 23, 25, 26, 27, 28, 29, 30, 31, 32, 33, 34, 35, 36, 37, 38, 39, 40, 41, 42, 43, 44, 45, 46, 47, 48, 49, 50, 51, 52, 53, 54, 55, 56, 57, 58, 59, 60, 61, 62, 63, 64, 65, 66, 67, 68, 69, 72, 73, 74, 75, 76, 77, 78, 79, 80, 81, 82, 83, 84, 85, 86, 87, 88, 89, 90, 91, 94, 95, 96, 97, 98, 100, 101, 102, 103, 104, 105, 106, 107, 108, 110, 111, 113, 114, 115, 116, 117, 118, 119, 120, 121, 122, 123, 124, 125, 126, 127, 128, 129, 130, 131, 132, 133, 134, 135, 136, 137, 138, 139, 140, 141, 142, 143, 144, 145, 146, 147, 148, 149, 150, 151, 152, 153, 154, 155, 156, 157, 158, 159, 160, 161, 162, 163, 164, 165, 166, 167, 168, 169, 170, 171, 172, 173, 174, 175, 176, 178, 179, 180, 181, 182, 184, 185, 186, 188, 189, 190, 191, 192, 193, 194, 195, 196, 197, 198, 199, 200, 201, 202, 203, 204, 205, 206, 207, 208, 209, 210, 211, 212, 213, 214, 215, 216, 217, 219, 220, 221, 222, 223, 224, 225, 226, 227, 228, 229, 230, 231, 232, 233, 234, 235, 236, 237, 238, 239, 240, 241, 242, 243, 244, 245, 246, 247, 248, 249, 250, 251, 252, 253, 254, 255, 256, 257, 258, 259, 261, 262, 263, 264, 265, 266, 267, 268, 269]"
